"timestamp_ns","yaw_ident_debug.timestamp_us","yaw_ident_debug.sample_seq","yaw_ident_debug.motor_rx_seq","yaw_ident_debug.state","yaw_ident_debug.elapsed_s","yaw_ident_debug.frequency_hz","yaw_ident_debug.position_rad","yaw_ident_debug.gyro_yaw_rad_s","yaw_ident_debug.motor_speed_rad_s","yaw_ident_debug.torque_command_nm","yaw_ident_debug.torque_feedback_nm"
18190367485,23010120,22995,21989,0,0,0,-0.26825904846191406,0,-0.0036630630493164062,0,-0.014652252197265625
18192332466,23012122,22997,21991,0,0,0,-0.2686424255371094,0,-0.010989189147949219,0,-0.0048847198486328125
18194297447,23013130,22998,21992,0,0,0,-0.26825904846191406,0,-0.0036630630493164062,0,-0.0048847198486328125
18196262428,23015133,23000,21994,0,0,0,-0.2686424255371094,0,-0.010989189147949219,0,-0.0048847198486328125
18198227409,23017124,23002,21996,0,0,0,-0.26825904846191406,0,0.0036630630493164062,0,-0.0048847198486328125
18200192390,23018120,23003,21997,0,0,0,-0.26825904846191406,0,-0.0036630630493164062,0,-0.0048847198486328125
18202157371,23020121,23005,21999,0,0,0,-0.26825904846191406,0,0.0036630630493164062,0,-0.014652252197265625
18204122352,23021122,23006,22000,0,0,0,-0.2686424255371094,0,-0.0036630630493164062,0,-0.014652252197265625
18206087333,23023121,23008,22002,0,0,0,-0.26825904846191406,0,0.0036630630493164062,0,-0.014652252197265625
18208052314,23024120,23009,22003,0,0,0,-0.26825904846191406,0,-0.0036630630493164062,0,-0.0048847198486328125
18210017295,23026120,23011,22005,0,0,0,-0.26825904846191406,0,-0.0036630630493164062,0,-0.0048847198486328125
18211982276,23028135,23013,22007,0,0,0,-0.2686424255371094,0,-0.01831531524658203,0,-0.0048847198486328125
18213947257,23029127,23014,22008,0,0,0,-0.26825904846191406,0,-0.010989189147949219,0,-0.014652252197265625
18215912238,23031121,23016,22010,0,0,0,-0.26825904846191406,0,-0.0036630630493164062,0,-0.014652252197265625
18217877219,23037123,23022,22016,0,0,0,-0.26825904846191406,0,-0.0036630630493164062,0,-0.0048847198486328125
18219842200,23038124,23023,22017,0,0,0,-0.26825904846191406,0,-0.0036630630493164062,0,-0.0048847198486328125
18221522685,23041128,23026,22020,0,0,0,-0.26825904846191406,0,-0.0036630630493164062,0,-0.0048847198486328125
18223203166,23042137,23027,22021,0,0,0,-0.26825904846191406,0,-0.0036630630493164062,0,-0.0048847198486328125
18224883647,23044121,23029,22023,0,0,0,-0.26825904846191406,0,-0.0036630630493164062,0,-0.0048847198486328125
18226564128,23045129,23030,22024,0,0,0,-0.26825904846191406,0,-0.0036630630493164062,0,-0.0048847198486328125
18228244609,23047121,23032,22026,0,0,0,-0.26825904846191406,0,-0.0036630630493164062,0,-0.014652252197265625
18229925090,23049121,23034,22028,0,0,0,-0.26825904846191406,0,0.0036630630493164062,0,-0.0048847198486328125
18231605571,23050130,23035,22029,0,0,0,-0.26825904846191406,0,-0.0036630630493164062,0,-0.014652252197265625
18233286052,23053121,23038,22032,0,0,0,-0.26825904846191406,0,-0.0036630630493164062,0,-0.0048847198486328125
18234966533,23054124,23039,22033,0,0,0,-0.26825904846191406,0,-0.0036630630493164062,0,-0.0048847198486328125
18236647014,23055137,23041,22035,0,0,0,-0.26825904846191406,0,-0.0036630630493164062,0,-0.0048847198486328125
18238327495,23057125,23042,22036,0,0,0,-0.26825904846191406,0,-0.0036630630493164062,0,-0.0048847198486328125
18240007976,23058122,23043,22037,0,0,0,-0.26825904846191406,0,-0.0036630630493164062,0,0.0048847198486328125
18241688457,23060120,23045,22039,0,0,0,-0.26825904846191406,0,-0.0036630630493164062,0,0.0048847198486328125
18243368938,23061121,23046,22040,0,0,0,-0.26825904846191406,0,0.0036630630493164062,0,-0.0048847198486328125
18245049419,23064121,23049,22043,0,0,0,-0.26825904846191406,0,-0.0036630630493164062,0,-0.0048847198486328125
18246729900,23065129,23050,22044,0,0,0,-0.26825904846191406,0,-0.0036630630493164062,0,-0.0048847198486328125
18248655345,23071127,23056,22050,0,0,0,-0.26825904846191406,0,0.0036630630493164062,0,-0.0048847198486328125
18250580782,23072120,23057,22051,0,0,0,-0.26825904846191406,0,-0.010989189147949219,0,-0.0048847198486328125
18252506219,23074120,23059,22053,0,0,0,-0.26825904846191406,0,-0.0036630630493164062,0,-0.0048847198486328125
18254431656,23075133,23060,22054,0,0,0,-0.26825904846191406,0,0.0036630630493164062,0,-0.0048847198486328125
18256357093,23076121,23061,22056,0,0,0,-0.26825904846191406,0,-0.0036630630493164062,0,-0.0048847198486328125
18258282530,23078120,23063,22057,0,0,0,-0.2686424255371094,0,-0.0036630630493164062,0,-0.0048847198486328125
18260207967,23080120,23065,22059,0,0,0,-0.26825904846191406,0,-0.0036630630493164062,0,-0.0048847198486328125
18262133404,23081121,23066,22060,0,0,0,-0.26825904846191406,0,0.0036630630493164062,0,-0.0048847198486328125
18264058841,23082120,23067,22061,0,0,0,-0.26825904846191406,0,-0.0036630630493164062,0,-0.0048847198486328125
18265984278,23084135,23069,22063,0,0,0,-0.26825904846191406,0,0.0036630630493164062,0,-0.0048847198486328125
18267909715,23087123,23072,22066,0,0,0,-0.26825904846191406,0,-0.010989189147949219,0,0.0048847198486328125
18269835152,23090120,23075,22069,0,0,0,-0.26825904846191406,0,0.0036630630493164062,0,-0.0048847198486328125
18271760589,23091125,23077,22071,0,0,0,-0.26825904846191406,0,-0.0036630630493164062,0,-0.014652252197265625
18273686026,23093120,23078,22072,0,0,0,-0.26825904846191406,0,-0.0036630630493164062,0,-0.014652252197265625
18275611463,23094120,23079,22073,0,0,0,-0.26825904846191406,0,-0.0036630630493164062,0,-0.0048847198486328125
18277536900,23096124,23081,22075,0,0,0,-0.26825904846191406,0,0.0036630630493164062,0,-0.0048847198486328125
18279597925,23105129,23090,22084,0,0,0,-0.26825904846191406,0,-0.0036630630493164062,0,-0.0048847198486328125
18281658950,23107121,23092,22086,0,0,0,-0.2686424255371094,0,-0.010989189147949219,0,-0.0048847198486328125
18283719975,23109121,23094,22088,0,0,0,-0.26825904846191406,0,0.010989189147949219,0,-0.0048847198486328125
18285781000,23110120,23095,22089,0,0,0,-0.26825904846191406,0,-0.0036630630493164062,0,-0.0048847198486328125
18287842025,23112138,23097,22091,0,0,0,-0.26825904846191406,0,-0.0036630630493164062,0,-0.0048847198486328125
18289903050,23113125,23098,22092,0,0,0,-0.2686424255371094,0,-0.010989189147949219,0,-0.0048847198486328125
18291964075,23114120,23099,22093,0,0,0,-0.26825904846191406,0,0.0036630630493164062,0,-0.0048847198486328125
18294025100,23116122,23101,22095,0,0,0,-0.26825904846191406,0,-0.010989189147949219,0,-0.0048847198486328125
18296086125,23117121,23102,22096,0,0,0,-0.2686424255371094,0,-0.010989189147949219,0,-0.0048847198486328125
18298147150,23119121,23104,22098,0,0,0,-0.26825904846191406,0,-0.010989189147949219,0,-0.0048847198486328125
18300208175,23122120,23107,22101,0,0,0,-0.26825904846191406,0,-0.0036630630493164062,0,-0.0048847198486328125
18302269200,23123121,23109,22103,0,0,0,-0.26825904846191406,0,0.0036630630493164062,0,-0.0048847198486328125
18304330225,23125140,23110,22104,0,0,0,-0.26825904846191406,0,-0.0036630630493164062,0,-0.0048847198486328125
18306391250,23126135,23111,22105,0,0,0,-0.26825904846191406,0,0.0036630630493164062,0,-0.0048847198486328125
18308452275,23127125,23112,22106,0,0,0,-0.26825904846191406,0,-0.01831531524658203,0,-0.0048847198486328125
18310513300,23129123,23114,22108,0,0,0,-0.2686424255371094,0,-0.0036630630493164062,0,-0.0048847198486328125
18312350876,23132121,23117,22111,0,0,0,-0.26825904846191406,0,-0.0036630630493164062,0,-0.0048847198486328125
18314188442,23133124,23118,22112,0,0,0,-0.26825904846191406,0,-0.0036630630493164062,0,-0.0048847198486328125
18316026008,23134120,23119,22113,0,0,0,-0.26825904846191406,0,-0.0036630630493164062,0,-0.0048847198486328125
18317863574,23137123,23122,22116,0,0,0,-0.26825904846191406,0,0.0036630630493164062,0,-0.0048847198486328125
18319701140,23140135,23125,22119,0,0,0,-0.26825904846191406,0,-0.0036630630493164062,0,-0.0048847198486328125
18321538706,23144120,23129,22123,0,0,0,-0.26825904846191406,0,-0.0036630630493164062,0,-0.0048847198486328125
18323376272,23145131,23130,22124,0,0,0,-0.26825904846191406,0,-0.0036630630493164062,0,-0.0048847198486328125
18325213838,23147121,23132,22126,0,0,0,-0.26825904846191406,0,-0.0036630630493164062,0,-0.0048847198486328125
18327051404,23148120,23133,22127,0,0,0,-0.26825904846191406,0,0.0036630630493164062,0,-0.0048847198486328125
18328888970,23149124,23134,22128,0,0,0,-0.26825904846191406,0,-0.01831531524658203,0,-0.0048847198486328125
18330726536,23151121,23136,22130,0,0,0,-0.2686424255371094,0,-0.010989189147949219,0,-0.0048847198486328125
18332564102,23152123,23137,22131,0,0,0,-0.26825904846191406,0,-0.0036630630493164062,0,-0.0048847198486328125
18334401668,23154138,23139,22133,0,0,0,-0.2686424255371094,0,-0.0036630630493164062,0,-0.0048847198486328125
18336239234,23155133,23140,22134,0,0,0,-0.26825904846191406,0,-0.0036630630493164062,0,-0.0048847198486328125
18338076800,23156120,23141,22135,0,0,0,-0.26825904846191406,0,-0.0036630630493164062,0,-0.0048847198486328125
18339581285,23160121,23145,22139,0,0,0,-0.26825904846191406,0,-0.0036630630493164062,0,-0.0048847198486328125
18341085766,23161120,23146,22140,0,0,0,-0.2686424255371094,0,-0.010989189147949219,0,-0.0048847198486328125
18342590247,23162123,23147,22141,0,0,0,-0.26825904846191406,0,-0.0036630630493164062,0,0.0048847198486328125
18344094728,23164121,23149,22143,0,0,0,-0.26825904846191406,0,-0.0036630630493164062,0,0.0048847198486328125
18345599209,23165130,23150,22144,0,0,0,-0.26825904846191406,0,0.0036630630493164062,0,-0.0048847198486328125
18347103690,23166122,23151,22145,0,0,0,-0.2686424255371094,0,-0.0036630630493164062,0,-0.0048847198486328125
18348608171,23167128,23152,22146,0,0,0,-0.26825904846191406,0,0.0036630630493164062,0,0.0048847198486328125
18350112652,23170124,23155,22149,0,0,0,-0.2686424255371094,0,-0.0036630630493164062,0,0.0048847198486328125
18351617133,23171121,23156,22150,0,0,0,-0.26825904846191406,0,-0.0036630630493164062,0,-0.0048847198486328125
18353121614,23173121,23158,22152,0,0,0,-0.26825904846191406,0,-0.0036630630493164062,0,0.0048847198486328125
18354626095,23174122,23159,22153,0,0,0,-0.2686424255371094,0,-0.0036630630493164062,0,0.0048847198486328125
18356130576,23175129,23160,22154,0,0,0,-0.26825904846191406,0,-0.0036630630493164062,0,-0.0048847198486328125
18357635057,23177121,23162,22156,0,0,0,-0.2686424255371094,0,-0.010989189147949219,0,-0.0048847198486328125
18359139538,23178124,23163,22157,0,0,0,-0.26825904846191406,0,-0.0036630630493164062,0,-0.0048847198486328125
18360644019,23179121,23164,22158,0,0,0,-0.26825904846191406,0,0.0036630630493164062,0,-0.0048847198486328125
18362148500,23180120,23165,22159,0,0,0,-0.26825904846191406,0,-0.0036630630493164062,0,-0.0048847198486328125
18363989970,23187123,23173,22167,0,0,0,-0.26825904846191406,0,-0.010989189147949219,0,-0.0048847198486328125
18365831432,23190120,23175,22169,0,0,0,-0.26825904846191406,0,0.0036630630493164062,0,-0.0048847198486328125
18367672894,23192120,23177,22171,0,0,0,-0.26825904846191406,0,-0.0036630630493164062,0,0.0048847198486328125
18369514356,23193121,23178,22172,0,0,0,-0.2686424255371094,0,-0.0036630630493164062,0,-0.0048847198486328125
18371355818,23194120,23179,22173,0,0,0,-0.26825904846191406,0,-0.0036630630493164062,0,-0.0048847198486328125
18373197280,23195139,23180,22175,0,0,0,-0.26825904846191406,0,-0.0036630630493164062,0,-0.0048847198486328125
18375038742,23197125,23182,22176,0,0,0,-0.26825904846191406,0,0.0036630630493164062,0,-0.0048847198486328125
18376880204,23198120,23183,22177,0,0,0,-0.26825904846191406,0,-0.0036630630493164062,0,-0.0048847198486328125
18378721666,23200130,23185,22179,0,0,0,-0.2686424255371094,0,-0.010989189147949219,0,-0.0048847198486328125
18380563128,23201123,23186,22180,0,0,0,-0.26825904846191406,0,-0.0036630630493164062,0,-0.0048847198486328125
18382404590,23202120,23187,22181,0,0,0,-0.26825904846191406,0,-0.0036630630493164062,0,-0.014652252197265625
18384246052,23205129,23190,22184,0,0,0,-0.26825904846191406,0,-0.0036630630493164062,0,-0.014652252197265625
18386087514,23206120,23191,22185,0,0,0,-0.2686424255371094,0,-0.0036630630493164062,0,-0.014652252197265625
18387928976,23207125,23193,22187,0,0,0,-0.26825904846191406,0,0.0036630630493164062,0,-0.014652252197265625
18389770438,23209128,23194,22188,0,0,0,-0.26825904846191406,0,-0.0036630630493164062,0,-0.014652252197265625
18391611900,23210135,23195,22189,0,0,0,-0.2686424255371094,0,-0.010989189147949219,0,-0.014652252197265625
18393146110,23213121,23198,22192,0,0,0,-0.26825904846191406,0,0.0036630630493164062,0,-0.014652252197265625
18394680316,23215129,23200,22194,0,0,0,-0.26825904846191406,0,-0.0036630630493164062,0,-0.014652252197265625
18396214522,23216122,23201,22195,0,0,0,-0.26825904846191406,0,-0.0036630630493164062,0,-0.0048847198486328125
18397748728,23217121,23203,22197,0,0,0,-0.26825904846191406,0,-0.0036630630493164062,0,-0.0048847198486328125
18399282934,23219121,23204,22198,0,0,0,-0.26825904846191406,0,-0.0036630630493164062,0,-0.0048847198486328125
18400817140,23220124,23205,22199,0,0,0,-0.26825904846191406,0,-0.0036630630493164062,0,-0.0048847198486328125
18402351346,23222120,23207,22201,0,0,0,-0.26825904846191406,0,-0.010989189147949219,0,-0.0048847198486328125
18403885552,23223129,23208,22202,0,0,0,-0.2686424255371094,0,-0.010989189147949219,0,-0.0048847198486328125
18405419758,23224137,23210,22204,0,0,0,-0.26825904846191406,0,0.0036630630493164062,0,-0.0048847198486328125
18406953964,23226120,23211,22205,0,0,0,-0.26825904846191406,0,0.0036630630493164062,0,-0.0048847198486328125
18408488170,23227121,23212,22206,0,0,0,-0.2686424255371094,0,-0.0036630630493164062,0,-0.0048847198486328125
18410022376,23229121,23214,22208,0,0,0,-0.26825904846191406,0,-0.0036630630493164062,0,-0.0048847198486328125
18411556582,23230120,23215,22209,0,0,0,-0.26825904846191406,0,-0.0036630630493164062,0,-0.0048847198486328125
18413090788,23232123,23217,22211,0,0,0,-0.2686424255371094,0,-0.010989189147949219,0,-0.0048847198486328125
18414624994,23233121,23218,22212,0,0,0,-0.26825904846191406,0,0.010989189147949219,0,-0.0048847198486328125
18416159200,23234120,23219,22213,0,0,0,-0.2686424255371094,0,-0.0036630630493164062,0,-0.0048847198486328125
18417607935,23238135,23223,22217,0,0,0,-0.26825904846191406,0,-0.0036630630493164062,0,-0.0048847198486328125
18419056666,23239125,23224,22218,0,0,0,-0.26825904846191406,0,-0.0036630630493164062,0,-0.0048847198486328125
18420505397,23240122,23225,22219,0,0,0,-0.26825904846191406,0,-0.0036630630493164062,0,-0.0048847198486328125
18421954128,23242121,23227,22221,0,0,0,-0.26825904846191406,0,0.0036630630493164062,0,-0.0048847198486328125
18423402859,23243121,23228,22222,0,0,0,-0.2686424255371094,0,-0.0036630630493164062,0,-0.0048847198486328125
18424851590,23245131,23230,22224,0,0,0,-0.2686424255371094,0,-0.0036630630493164062,0,-0.0048847198486328125
18426300321,23246120,23231,22225,0,0,0,-0.26825904846191406,0,-0.010989189147949219,0,-0.0048847198486328125
18427749052,23247121,23232,22226,0,0,0,-0.2686424255371094,0,-0.010989189147949219,0,-0.0048847198486328125
18429197783,23248120,23233,22227,0,0,0,-0.26825904846191406,0,-0.0036630630493164062,0,-0.0048847198486328125
18430646514,23250129,23235,22229,0,0,0,-0.2686424255371094,0,-0.0036630630493164062,0,0.0048847198486328125
18432095245,23251129,23236,22230,0,0,0,-0.26825904846191406,0,0.0036630630493164062,0,0.0048847198486328125
18433543976,23253127,23238,22232,0,0,0,-0.26825904846191406,0,-0.010989189147949219,0,0.0048847198486328125
18434992707,23254120,23239,22233,0,0,0,-0.26825904846191406,0,-0.0036630630493164062,0,-0.0048847198486328125
18436441438,23255129,23240,22234,0,0,0,-0.2686424255371094,0,-0.010989189147949219,0,-0.0048847198486328125
18437890169,23256120,23241,22235,0,0,0,-0.2686424255371094,0,-0.010989189147949219,0,-0.0048847198486328125
18439338900,23258120,23243,22237,0,0,0,-0.26825904846191406,0,-0.010989189147949219,0,-0.0048847198486328125
18440778135,23261123,23246,22240,0,0,0,-0.26825904846191406,0,-0.0036630630493164062,0,-0.0048847198486328125
18442114762,23262120,23247,22241,0,0,0,-0.26825904846191406,0,-0.010989189147949219,0,-0.0048847198486328125
18443451389,23263121,23248,22242,0,0,0,-0.26825904846191406,0,-0.0036630630493164062,0,-0.0048847198486328125
18444788016,23265140,23250,22244,0,0,0,-0.26825904846191406,0,-0.0036630630493164062,0,-0.0048847198486328125
18446124643,23266135,23251,22245,0,0,0,-0.26825904846191406,0,-0.010989189147949219,0,-0.0048847198486328125
18447461270,23267125,23252,22246,0,0,0,-0.26825904846191406,0,-0.0036630630493164062,0,-0.0048847198486328125
18448797897,23269123,23254,22248,0,0,0,-0.26825904846191406,0,-0.0036630630493164062,0,-0.0048847198486328125
18450134524,23270124,23256,22250,0,0,0,-0.2686424255371094,0,-0.0036630630493164062,0,-0.0048847198486328125
18451471151,23272120,23257,22251,0,0,0,-0.26825904846191406,0,-0.0036630630493164062,0,-0.0048847198486328125
18452807778,23273121,23258,22252,0,0,0,-0.26825904846191406,0,-0.0036630630493164062,0,-0.0048847198486328125
18454144405,23275128,23260,22254,0,0,0,-0.26825904846191406,0,-0.0036630630493164062,0,-0.0048847198486328125
18455481032,23276120,23261,22255,0,0,0,-0.26825904846191406,0,0.0036630630493164062,0,-0.0048847198486328125
18456817659,23277121,23262,22256,0,0,0,-0.26825904846191406,0,-0.0036630630493164062,0,-0.0048847198486328125
18458154286,23278140,23263,22257,0,0,0,-0.2686424255371094,0,-0.0036630630493164062,0,-0.0048847198486328125
18459490913,23279129,23265,22259,0,0,0,-0.26825904846191406,0,-0.0036630630493164062,0,-0.014652252197265625
18460827540,23281125,23266,22260,0,0,0,-0.26825904846191406,0,-0.0036630630493164062,0,-0.014652252197265625
18462164167,23284120,23269,22263,0,0,0,-0.26825904846191406,0,-0.0036630630493164062,0,-0.0048847198486328125
18463500794,23285129,23270,22264,0,0,0,-0.26825904846191406,0,-0.0036630630493164062,0,-0.0048847198486328125
18464837421,23287121,23272,22266,0,0,0,-0.26825904846191406,0,0.0036630630493164062,0,-0.0048847198486328125
18466174048,23288120,23273,22267,0,0,0,-0.26825904846191406,0,-0.0036630630493164062,0,-0.0048847198486328125
18467510675,23290122,23275,22269,0,0,0,-0.26825904846191406,0,-0.010989189147949219,0,-0.0048847198486328125
18468847302,23291120,23276,22270,0,0,0,-0.26825904846191406,0,0.0036630630493164062,0,-0.0048847198486328125
18470183929,23292120,23277,22271,0,0,0,-0.26825904846191406,0,-0.010989189147949219,0,-0.0048847198486328125
18471520556,23293128,23278,22272,0,0,0,-0.26825904846191406,0,-0.01831531524658203,0,-0.0048847198486328125
18472857183,23294139,23279,22273,0,0,0,-0.26825904846191406,0,-0.0036630630493164062,0,-0.0048847198486328125
18474193810,23295133,23280,22274,0,0,0,-0.2686424255371094,0,-0.0036630630493164062,0,-0.0048847198486328125
18475530437,23296121,23281,22275,0,0,0,-0.26825904846191406,0,-0.010989189147949219,0,-0.0048847198486328125
18476867064,23297121,23282,22276,0,0,0,-0.26825904846191406,0,-0.0036630630493164062,0,-0.0048847198486328125
18478203691,23298122,23283,22277,0,0,0,-0.26825904846191406,0,0.0036630630493164062,0,-0.0048847198486328125
18479540318,23299125,23284,22278,0,0,0,-0.26825904846191406,0,0.0036630630493164062,0,-0.0048847198486328125
18480876945,23300131,23285,22279,0,0,0,-0.26825904846191406,0,0.0036630630493164062,0,-0.0048847198486328125
18482213572,23301123,23286,22280,0,0,0,-0.2686424255371094,0,-0.010989189147949219,0,-0.0048847198486328125
18483756760,23306120,23291,22285,0,0,0,-0.26825904846191406,0,-0.010989189147949219,0,-0.0048847198486328125
18485299916,23308135,23293,22287,0,0,0,-0.26825904846191406,0,-0.0036630630493164062,0,-0.0048847198486328125
18486843072,23309124,23294,22288,0,0,0,-0.26825904846191406,0,0.0036630630493164062,0,-0.0048847198486328125
18488386228,23310120,23295,22289,0,0,0,-0.26825904846191406,0,-0.010989189147949219,0,-0.0048847198486328125
18489929384,23312120,23297,22291,0,0,0,-0.26825904846191406,0,0.0036630630493164062,0,-0.0048847198486328125
18491472540,23313121,23298,22292,0,0,0,-0.26825904846191406,0,0.0036630630493164062,0,-0.0048847198486328125
18493015696,23314120,23299,22293,0,0,0,-0.2686424255371094,0,-0.010989189147949219,0,-0.0048847198486328125
18494558852,23316120,23301,22295,0,0,0,-0.26825904846191406,0,-0.0036630630493164062,0,-0.0048847198486328125
18496102008,23317121,23302,22296,0,0,0,-0.2686424255371094,0,-0.010989189147949219,0,0.0048847198486328125
18497645164,23318120,23303,22297,0,0,0,-0.26825904846191406,0,-0.0036630630493164062,0,0.0048847198486328125
18499188320,23320120,23305,22299,0,0,0,-0.26825904846191406,0,-0.0036630630493164062,0,-0.0048847198486328125
18500731476,23321128,23306,22300,0,0,0,-0.26825904846191406,0,0.010989189147949219,0,-0.0048847198486328125
18502274632,23322135,23307,22301,0,0,0,-0.26825904846191406,0,-0.0036630630493164062,0,0.0048847198486328125
18503817788,23323128,23308,22302,0,0,0,-0.26825904846191406,0,-0.0036630630493164062,0,0.0048847198486328125
18505360944,23324120,23309,22303,0,0,0,-0.26825904846191406,0,-0.0036630630493164062,0,-0.0048847198486328125
18506904100,23325129,23310,22304,0,0,0,-0.2686424255371094,0,-0.010989189147949219,0,-0.0048847198486328125
18508663110,23329121,23314,22308,0,0,0,-0.26825904846191406,0,-0.0036630630493164062,0,-0.0048847198486328125
18510309038,23330120,23315,22309,0,0,0,-0.26825904846191406,0,-0.0036630630493164062,0,-0.0048847198486328125
18511954966,23332123,23317,22311,0,0,0,-0.2686424255371094,0,-0.010989189147949219,0,-0.0048847198486328125
18513600894,23333121,23318,22312,0,0,0,-0.2686424255371094,0,-0.0036630630493164062,0,-0.0048847198486328125
18515246822,23335137,23321,22315,0,0,0,-0.26825904846191406,0,-0.010989189147949219,0,-0.0048847198486328125
18516892750,23337125,23322,22316,0,0,0,-0.26825904846191406,0,-0.0036630630493164062,0,-0.0048847198486328125
18518538678,23339121,23324,22318,0,0,0,-0.2686424255371094,0,-0.010989189147949219,0,0.0048847198486328125
18520184606,23340122,23325,22319,0,0,0,-0.2686424255371094,0,-0.0036630630493164062,0,0.0048847198486328125
18521830534,23341121,23326,22320,0,0,0,-0.26825904846191406,0,-0.0036630630493164062,0,0.0048847198486328125
18523476462,23343120,23328,22322,0,0,0,-0.26825904846191406,0,-0.010989189147949219,0,-0.0048847198486328125
18525122390,23345129,23330,22324,0,0,0,-0.26825904846191406,0,-0.0036630630493164062,0,-0.0048847198486328125
18526768318,23346120,23331,22325,0,0,0,-0.26825904846191406,0,-0.010989189147949219,0,-0.0048847198486328125
18528414246,23348122,23333,22327,0,0,0,-0.26825904846191406,0,-0.0036630630493164062,0,-0.0048847198486328125
18530060174,23351125,23336,22330,0,0,0,-0.26825904846191406,0,-0.0036630630493164062,0,-0.0048847198486328125
18531706102,23352126,23337,22331,0,0,0,-0.26825904846191406,0,-0.0036630630493164062,0,-0.0048847198486328125
18533352030,23353121,23338,22332,0,0,0,-0.26825904846191406,0,0.0036630630493164062,0,-0.0048847198486328125
18534997958,23357125,23342,22336,0,0,0,-0.26825904846191406,0,-0.0036630630493164062,0,-0.0048847198486328125
18536643886,23358120,23343,22337,0,0,0,-0.26825904846191406,0,0.0036630630493164062,0,-0.0048847198486328125
18538289814,23359121,23344,22338,0,0,0,-0.26825904846191406,0,0.0036630630493164062,0,-0.014652252197265625
18539935742,23361122,23346,22340,0,0,0,-0.26825904846191406,0,-0.0036630630493164062,0,-0.014652252197265625
18541581670,23362120,23347,22341,0,0,0,-0.26825904846191406,0,-0.010989189147949219,0,-0.0048847198486328125
18543227598,23364136,23349,22343,0,0,0,-0.26825904846191406,0,-0.0036630630493164062,0,-0.0048847198486328125
18544873526,23366120,23351,22345,0,0,0,-0.2686424255371094,0,-0.010989189147949219,0,-0.0048847198486328125
18546519454,23367121,23352,22346,0,0,0,-0.26825904846191406,0,-0.0036630630493164062,0,-0.0048847198486328125
18548165382,23369123,23354,22348,0,0,0,-0.26825904846191406,0,0.0036630630493164062,0,-0.0048847198486328125
18549811310,23370120,23355,22349,0,0,0,-0.26825904846191406,0,-0.0036630630493164062,0,-0.0048847198486328125
18551457238,23372120,23357,22351,0,0,0,-0.2686424255371094,0,-0.010989189147949219,0,-0.0048847198486328125
18553103166,23373125,23358,22352,0,0,0,-0.2686424255371094,0,-0.010989189147949219,0,-0.0048847198486328125
18554749094,23374120,23359,22353,0,0,0,-0.2686424255371094,0,-0.0036630630493164062,0,-0.0048847198486328125
18556395022,23376120,23361,22355,0,0,0,-0.26825904846191406,0,-0.010989189147949219,0,-0.0048847198486328125
18558040950,23377130,23362,22356,0,0,0,-0.26825904846191406,0,-0.0036630630493164062,0,-0.0048847198486328125
18559686878,23378135,23363,22357,0,0,0,-0.26825904846191406,0,-0.010989189147949219,0,-0.0048847198486328125
18561158985,23382120,23367,22361,0,0,0,-0.26825904846191406,0,0.0036630630493164062,0,-0.0048847198486328125
18562631066,23383120,23368,22362,0,0,0,-0.26825904846191406,0,-0.0036630630493164062,0,0.0048847198486328125
18564103147,23384120,23369,22363,0,0,0,-0.26825904846191406,0,-0.0036630630493164062,0,-0.0048847198486328125
18565575228,23386124,23371,22365,0,0,0,-0.26825904846191406,0,-0.0036630630493164062,0,-0.0048847198486328125
18567047309,23387121,23372,22366,0,0,0,-0.26825904846191406,0,0.0036630630493164062,0,-0.0048847198486328125
18568519390,23388120,23373,22367,0,0,0,-0.26825904846191406,0,-0.0036630630493164062,0,-0.0048847198486328125
18569991471,23389121,23374,22368,0,0,0,-0.26825904846191406,0,-0.0036630630493164062,0,-0.0048847198486328125
18571463552,23390122,23375,22369,0,0,0,-0.26825904846191406,0,-0.0036630630493164062,0,0.0048847198486328125
18572935633,23392135,23377,22371,0,0,0,-0.26825904846191406,0,-0.0036630630493164062,0,0.0048847198486328125
18574407714,23393125,23378,22372,0,0,0,-0.26825904846191406,0,-0.0036630630493164062,0,-0.0048847198486328125
18575879795,23394124,23379,22373,0,0,0,-0.26825904846191406,0,0.0036630630493164062,0,-0.0048847198486328125
18577351876,23396122,23381,22375,0,0,0,-0.26825904846191406,0,-0.0036630630493164062,0,-0.0048847198486328125
18578823957,23397121,23382,22376,0,0,0,-0.26825904846191406,0,-0.0036630630493164062,0,-0.0048847198486328125
18580296038,23399121,23384,22378,0,0,0,-0.26825904846191406,0,0.0036630630493164062,0,-0.0048847198486328125
18581768119,23400130,23385,22379,0,0,0,-0.26825904846191406,0,-0.0036630630493164062,0,-0.0048847198486328125
18583240200,23402124,23387,22381,0,0,0,-0.26825904846191406,0,-0.0036630630493164062,0,-0.0048847198486328125
18585005925,23405137,23390,22384,0,0,0,-0.26825904846191406,0,0.0036630630493164062,0,-0.0048847198486328125
18586771650,23406137,23392,22386,0,0,0,-0.26825904846191406,0,-0.0036630630493164062,0,-0.0048847198486328125
18588537375,23408120,23393,22387,0,0,0,-0.26825904846191406,0,-0.0036630630493164062,0,-0.0048847198486328125
18590303100,23410124,23395,22389,0,0,0,-0.26825904846191406,0,-0.0036630630493164062,0,-0.0048847198486328125
18592068825,23411121,23396,22390,0,0,0,-0.26825904846191406,0,-0.0036630630493164062,0,-0.0048847198486328125
18593834550,23413121,23398,22392,0,0,0,-0.26825904846191406,0,-0.0036630630493164062,0,-0.0048847198486328125
18595600275,23414122,23399,22393,0,0,0,-0.2686424255371094,0,-0.0036630630493164062,0,-0.0048847198486328125
18597366000,23416120,23401,22395,0,0,0,-0.26825904846191406,0,0.010989189147949219,0,-0.0048847198486328125
18599131725,23417120,23402,22396,0,0,0,-0.26825904846191406,0,-0.0036630630493164062,0,-0.0048847198486328125
18600897450,23419130,23404,22398,0,0,0,-0.26825904846191406,0,-0.0036630630493164062,0,-0.0048847198486328125
18602663175,23421125,23406,22400,0,0,0,-0.2686424255371094,0,-0.0036630630493164062,0,-0.0048847198486328125
18604428900,23423124,23408,22402,0,0,0,-0.26825904846191406,0,-0.0036630630493164062,0,-0.0048847198486328125
18606194625,23425129,23410,22404,0,0,0,-0.26825904846191406,0,-0.0036630630493164062,0,-0.0048847198486328125
18607960350,23426120,23411,22405,0,0,0,-0.26825904846191406,0,-0.0036630630493164062,0,-0.0048847198486328125
18609726075,23428121,23413,22407,0,0,0,-0.26825904846191406,0,-0.010989189147949219,0,-0.0048847198486328125
18611491800,23430120,23415,22409,0,0,0,-0.26825904846191406,0,-0.0036630630493164062,0,-0.0048847198486328125
18613511700,23436120,23421,22415,0,0,0,-0.2686424255371094,0,-0.010989189147949219,0,0.0048847198486328125
18615531600,23437121,23422,22416,0,0,0,-0.26825904846191406,0,-0.0036630630493164062,0,-0.0048847198486328125
18617551500,23440120,23425,22419,0,0,0,-0.2686424255371094,0,-0.0036630630493164062,0,-0.0048847198486328125
18619571400,23441121,23426,22420,0,0,0,-0.26825904846191406,0,-0.0036630630493164062,0,-0.0048847198486328125
18621591300,23444124,23429,22423,0,0,0,-0.26825904846191406,0,-0.0036630630493164062,0,-0.0048847198486328125
18623611200,23446120,23431,22425,0,0,0,-0.26825904846191406,0,-0.0036630630493164062,0,-0.0048847198486328125
18625631100,23448137,23433,22427,0,0,0,-0.26825904846191406,0,0.0036630630493164062,0,-0.014652252197265625
18627651000,23449125,23434,22428,0,0,0,-0.2686424255371094,0,-0.010989189147949219,0,-0.0048847198486328125
18629670900,23450128,23435,22429,0,0,0,-0.26825904846191406,0,-0.010989189147949219,0,-0.014652252197265625
18631690800,23453121,23438,22432,0,0,0,-0.26825904846191406,0,-0.0036630630493164062,0,-0.014652252197265625
18633710700,23454120,23439,22433,0,0,0,-0.26825904846191406,0,-0.0036630630493164062,0,-0.0048847198486328125
18635730600,23456122,23441,22435,0,0,0,-0.26825904846191406,0,-0.0036630630493164062,0,-0.0048847198486328125
18637750500,23458120,23443,22437,0,0,0,-0.26825904846191406,0,-0.0036630630493164062,0,-0.014652252197265625
18639770400,23460125,23445,22439,0,0,0,-0.26825904846191406,0,0.0036630630493164062,0,-0.014652252197265625
18641790300,23461128,23446,22440,0,0,0,-0.2686424255371094,0,-0.010989189147949219,0,-0.014652252197265625
18643810200,23462135,23447,22441,0,0,0,-0.2686424255371094,0,-0.0036630630493164062,0,-0.014652252197265625
18645510760,23465129,23450,22444,0,0,0,-0.2686424255371094,0,-0.0036630630493164062,0,-0.014652252197265625
18647211316,23467121,23452,22446,0,0,0,-0.26825904846191406,0,-0.010989189147949219,0,-0.0048847198486328125
18648911872,23468124,23453,22447,0,0,0,-0.2686424255371094,0,0.0036630630493164062,0,-0.0048847198486328125
18650612428,23469121,23455,22449,0,0,0,-0.26825904846191406,0,0.010989189147949219,0,-0.0048847198486328125
18652312984,23472122,23457,22451,0,0,0,-0.26825904846191406,0,-0.010989189147949219,0,-0.0048847198486328125
18654013540,23474120,23459,22453,0,0,0,-0.26825904846191406,0,-0.0036630630493164062,0,-0.0048847198486328125
18655714096,23475137,23460,22454,0,0,0,-0.26825904846191406,0,-0.0036630630493164062,0,-0.0048847198486328125
18657414652,23477127,23462,22456,0,0,0,-0.26825904846191406,0,-0.0036630630493164062,0,-0.014652252197265625
18659115208,23478120,23463,22457,0,0,0,-0.2686424255371094,0,-0.0036630630493164062,0,-0.014652252197265625
18660815764,23479122,23464,22458,0,0,0,-0.26825904846191406,0,-0.0036630630493164062,0,-0.0048847198486328125
18662516320,23480120,23465,22459,0,0,0,-0.26825904846191406,0,0.0036630630493164062,0,-0.014652252197265625
18664216876,23482120,23467,22461,0,0,0,-0.26825904846191406,0,-0.0036630630493164062,0,-0.014652252197265625
18665917432,23483120,23468,22462,0,0,0,-0.26825904846191406,0,0.0036630630493164062,0,-0.014652252197265625
18667617988,23484120,23469,22463,0,0,0,-0.26825904846191406,0,-0.01831531524658203,0,-0.014652252197265625
18669318544,23488120,23473,22467,0,0,0,-0.26825904846191406,0,-0.0036630630493164062,0,-0.0048847198486328125
18671019100,23490135,23475,22469,0,0,0,-0.26825904846191406,0,-0.010989189147949219,0,-0.0048847198486328125
18672694545,23493122,23478,22472,0,0,0,-0.26825904846191406,0,-0.010989189147949219,0,-0.0048847198486328125
18674369982,23494120,23479,22473,0,0,0,-0.26825904846191406,0,-0.0036630630493164062,0,-0.0048847198486328125
18676045419,23495129,23481,22475,0,0,0,-0.2686424255371094,0,-0.0036630630493164062,0,-0.0048847198486328125
18677720856,23497125,23482,22476,0,0,0,-0.26825904846191406,0,-0.0036630630493164062,0,-0.0048847198486328125
18679396293,23498120,23483,22477,0,0,0,-0.26825904846191406,0,-0.0036630630493164062,0,-0.0048847198486328125
18681071730,23500130,23485,22479,0,0,0,-0.26825904846191406,0,-0.0036630630493164062,0,-0.0048847198486328125
18682747167,23503129,23488,22482,0,0,0,-0.26825904846191406,0,-0.0036630630493164062,0,-0.0048847198486328125
18684422604,23505133,23490,22484,0,0,0,-0.26825904846191406,0,-0.0036630630493164062,0,0.0048847198486328125
18686098041,23507121,23492,22486,0,0,0,-0.26825904846191406,0,-0.0036630630493164062,0,-0.0048847198486328125
18687773478,23508120,23493,22487,0,0,0,-0.26825904846191406,0,-0.0036630630493164062,0,-0.0048847198486328125
18689448915,23509121,23494,22488,0,0,0,-0.26825904846191406,0,-0.0036630630493164062,0,-0.0048847198486328125
18691124352,23510124,23495,22490,0,0,0,-0.26825904846191406,0,-0.0036630630493164062,0,-0.014652252197265625
18692799789,23512121,23497,22491,0,0,0,-0.26825904846191406,0,-0.0036630630493164062,0,-0.0048847198486328125
18694475226,23513121,23498,22492,0,0,0,-0.26825904846191406,0,-0.0036630630493164062,0,-0.0048847198486328125
18696150663,23514122,23499,22493,0,0,0,-0.26825904846191406,0,-0.0036630630493164062,0,-0.0048847198486328125
18697826100,23515129,23500,22495,0,0,0,-0.26825904846191406,0,-0.0036630630493164062,0,-0.0048847198486328125
18699525125,23520120,23505,22499,0,0,0,-0.26825904846191406,0,-0.0036630630493164062,0,-0.0048847198486328125
18701224150,23521121,23506,22500,0,0,0,-0.26825904846191406,0,-0.0036630630493164062,0,-0.0048847198486328125
18702923175,23522122,23507,22501,0,0,0,-0.26825904846191406,0,0.0036630630493164062,0,-0.0048847198486328125
18704622200,23523121,23508,22502,0,0,0,-0.26825904846191406,0,0.0036630630493164062,0,-0.0048847198486328125
18706321225,23525129,23510,22504,0,0,0,-0.2686424255371094,0,-0.0036630630493164062,0,-0.0048847198486328125
18708020250,23526124,23511,22505,0,0,0,-0.26825904846191406,0,-0.010989189147949219,0,-0.0048847198486328125
18709719275,23527121,23512,22506,0,0,0,-0.26825904846191406,0,-0.0036630630493164062,0,-0.0048847198486328125
18711418300,23528120,23514,22508,0,0,0,-0.26825904846191406,0,-0.0036630630493164062,0,-0.0048847198486328125
18713117325,23530136,23515,22509,0,0,0,-0.26825904846191406,0,-0.0036630630493164062,0,-0.0048847198486328125
18714816350,23533124,23518,22512,0,0,0,-0.26825904846191406,0,-0.0036630630493164062,0,-0.0048847198486328125
18716515375,23537121,23522,22516,0,0,0,-0.26825904846191406,0,-0.0036630630493164062,0,-0.0048847198486328125
18718214400,23539124,23524,22518,0,0,0,-0.26825904846191406,0,0.0036630630493164062,0,-0.0048847198486328125
18719913425,23540120,23525,22519,0,0,0,-0.26825904846191406,0,0.0036630630493164062,0,-0.0048847198486328125
18721612450,23541120,23526,22520,0,0,0,-0.26825904846191406,0,-0.0036630630493164062,0,-0.0048847198486328125
18723311475,23542120,23527,22521,0,0,0,-0.26825904846191406,0,-0.0036630630493164062,0,-0.0048847198486328125
18725010500,23543123,23528,22522,0,0,0,-0.2686424255371094,0,-0.010989189147949219,0,-0.0048847198486328125
18726680395,23550128,23535,22529,0,0,0,-0.2686424255371094,0,-0.0036630630493164062,0,-0.0048847198486328125
18728350282,23551123,23536,22530,0,0,0,-0.26825904846191406,0,-0.0036630630493164062,0,-0.0048847198486328125
18730020169,23552122,23537,22531,0,0,0,-0.26825904846191406,0,-0.0036630630493164062,0,0.0048847198486328125
18731690056,23554120,23539,22533,0,0,0,-0.26825904846191406,0,0.0036630630493164062,0,-0.0048847198486328125
18733359943,23555133,23540,22534,0,0,0,-0.26825904846191406,0,0.0036630630493164062,0,-0.0048847198486328125
18735029830,23556120,23541,22535,0,0,0,-0.26825904846191406,0,-0.010989189147949219,0,-0.0048847198486328125
18736699717,23557120,23542,22537,0,0,0,-0.26825904846191406,0,-0.0036630630493164062,0,-0.014652252197265625
18738369604,23559130,23544,22538,0,0,0,-0.26825904846191406,0,-0.0036630630493164062,0,-0.0048847198486328125
18740039491,23560138,23545,22539,0,0,0,-0.26825904846191406,0,0.0036630630493164062,0,-0.0048847198486328125
18741709378,23561125,23546,22540,0,0,0,-0.26825904846191406,0,-0.0036630630493164062,0,-0.014652252197265625
18743379265,23564123,23549,22543,0,0,0,-0.26825904846191406,0,-0.0036630630493164062,0,-0.014652252197265625
18745049152,23565129,23550,22544,0,0,0,-0.26825904846191406,0,-0.0036630630493164062,0,-0.014652252197265625
18746719039,23566120,23551,22545,0,0,0,-0.26825904846191406,0,0.0036630630493164062,0,-0.014652252197265625
18748388926,23568124,23553,22547,0,0,0,-0.26825904846191406,0,-0.010989189147949219,0,-0.014652252197265625
18750058813,23569121,23554,22548,0,0,0,-0.26825904846191406,0,-0.010989189147949219,0,-0.014652252197265625
18751728700,23570120,23555,22549,0,0,0,-0.26825904846191406,0,-0.0036630630493164062,0,-0.0048847198486328125
18753317485,23573128,23558,22552,0,0,0,-0.2686424255371094,0,-0.01831531524658203,0,-0.0048847198486328125
18754906266,23574135,23559,22553,0,0,0,-0.26825904846191406,0,-0.0036630630493164062,0,-0.0048847198486328125
18756495047,23576125,23561,22555,0,0,0,-0.26825904846191406,0,0.0036630630493164062,0,-0.0048847198486328125
18758083828,23577121,23562,22556,0,0,0,-0.26825904846191406,0,-0.0036630630493164062,0,-0.0048847198486328125
18759672609,23579121,23564,22558,0,0,0,-0.2686424255371094,0,-0.0036630630493164062,0,-0.0048847198486328125
18761261390,23581121,23566,22560,0,0,0,-0.2686424255371094,0,-0.010989189147949219,0,-0.0048847198486328125
18762850171,23582120,23567,22561,0,0,0,-0.26825904846191406,0,0.0036630630493164062,0,-0.0048847198486328125
18764438952,23584124,23569,22563,0,0,0,-0.26825904846191406,0,-0.0036630630493164062,0,-0.0048847198486328125
18766027733,23585129,23570,22564,0,0,0,-0.2686424255371094,0,-0.0036630630493164062,0,-0.0048847198486328125
18767616514,23587129,23572,22566,0,0,0,-0.26825904846191406,0,-0.0036630630493164062,0,-0.0048847198486328125
18769205295,23588137,23573,22567,0,0,0,-0.26825904846191406,0,-0.0036630630493164062,0,-0.0048847198486328125
18770794076,23589128,23574,22568,0,0,0,-0.26825904846191406,0,-0.0036630630493164062,0,-0.0048847198486328125
18772382857,23590120,23576,22570,0,0,0,-0.2686424255371094,0,-0.010989189147949219,0,-0.0048847198486328125
18773971638,23592120,23577,22571,0,0,0,-0.26825904846191406,0,-0.0036630630493164062,0,-0.014652252197265625
18775560419,23594120,23579,22573,0,0,0,-0.26825904846191406,0,0.0036630630493164062,0,-0.0048847198486328125
18777149200,23596121,23581,22575,0,0,0,-0.26825904846191406,0,-0.0036630630493164062,0,-0.0048847198486328125
18781308320,23599120,23584,22578,0,0,0,-0.26825904846191406,0,-0.0036630630493164062,0,-0.0048847198486328125
18784859578,23600144,23585,22579,0,0,0,-0.26825904846191406,0,-0.0036630630493164062,0,-0.0048847198486328125
18788410836,23605132,23590,22584,0,0,0,-0.26825904846191406,0,-0.0036630630493164062,0,-0.0048847198486328125
18791962094,23613124,23598,22592,0,0,0,-0.26825904846191406,0,-0.0036630630493164062,0,-0.0048847198486328125
18795513352,23626124,23611,22605,0,0,0,-0.26825904846191406,0,-0.0036630630493164062,0,-0.014652252197265625
18799064610,23627121,23612,22606,0,0,0,-0.26825904846191406,0,-0.010989189147949219,0,-0.0048847198486328125
18802615868,23629129,23614,22608,0,0,0,-0.26825904846191406,0,-0.010989189147949219,0,-0.0048847198486328125
18806167126,23630137,23615,22609,0,0,0,-0.26825904846191406,0,0.0036630630493164062,0,-0.0048847198486328125
18809718384,23646122,23631,22625,0,0,0,-0.26825904846191406,0,-0.010989189147949219,0,-0.0048847198486328125
18813269642,23650128,23635,22629,0,0,0,-0.26825904846191406,0,-0.0036630630493164062,0,-0.0048847198486328125
18816820900,23651123,23636,22630,0,0,0,-0.26825904846191406,0,-0.0036630630493164062,0,-0.0048847198486328125
18820372158,23653121,23638,22632,0,0,0,-0.2686424255371094,0,-0.010989189147949219,0,-0.0048847198486328125
18823923416,23656135,23641,22635,0,0,0,-0.26825904846191406,0,-0.010989189147949219,0,-0.0048847198486328125
18827474674,23659127,23644,22638,0,0,0,-0.2686424255371094,0,-0.010989189147949219,0,0.0048847198486328125
18831025932,23660120,23645,22639,0,0,0,-0.26825904846191406,0,-0.0036630630493164062,0,-0.0048847198486328125
18834577190,23662120,23647,22641,0,0,0,-0.2686424255371094,0,-0.010989189147949219,0,-0.0048847198486328125
18838128448,23668120,23654,22648,0,0,0,-0.2686424255371094,0,-0.0036630630493164062,0,-0.0048847198486328125
18841679706,23672138,23657,22651,0,0,0,-0.2686424255371094,0,-0.010989189147949219,0,-0.0048847198486328125
18845230964,23673124,23658,22652,0,0,0,-0.26825904846191406,0,-0.0036630630493164062,0,-0.0048847198486328125
18848782222,23674120,23659,22653,0,0,0,-0.26825904846191406,0,-0.0036630630493164062,0,-0.0048847198486328125
18852333480,23675130,23660,22654,0,0,0,-0.26825904846191406,0,-0.0036630630493164062,0,-0.0048847198486328125
18855884738,23677121,23662,22656,0,0,0,-0.26825904846191406,0,0.0036630630493164062,0,0.0048847198486328125
18859435996,23678120,23663,22657,0,0,0,-0.2686424255371094,0,-0.0036630630493164062,0,-0.0048847198486328125
18861018825,23681121,23666,22660,0,0,0,-0.26825904846191406,0,-0.0036630630493164062,0,-0.0048847198486328125
18862601650,23682120,23667,22661,0,0,0,-0.26825904846191406,0,-0.0036630630493164062,0,-0.0048847198486328125
18864184475,23683120,23668,22662,0,0,0,-0.26825904846191406,0,-0.0036630630493164062,0,-0.0048847198486328125
18865767300,23684138,23669,22663,0,0,0,-0.26825904846191406,0,0.0036630630493164062,0,-0.0048847198486328125
18867350125,23688122,23673,22667,0,0,0,-0.26825904846191406,0,0.0036630630493164062,0,-0.0048847198486328125
18868932950,23689121,23674,22668,0,0,0,-0.26825904846191406,0,-0.0036630630493164062,0,-0.0048847198486328125
18870515775,23691120,23676,22670,0,0,0,-0.26825904846191406,0,0.0036630630493164062,0,-0.0048847198486328125
18872098600,23692124,23677,22671,0,0,0,-0.26825904846191406,0,0.0036630630493164062,0,-0.0048847198486328125
18873681425,23693121,23678,22672,0,0,0,-0.26825904846191406,0,-0.010989189147949219,0,-0.0048847198486328125
18875264250,23694120,23679,22673,0,0,0,-0.26825904846191406,0,-0.01831531524658203,0,-0.0048847198486328125
18876847075,23695129,23680,22674,0,0,0,-0.2686424255371094,0,-0.0036630630493164062,0,-0.0048847198486328125
18878429900,23696123,23681,22675,0,0,0,-0.26825904846191406,0,-0.0036630630493164062,0,-0.0048847198486328125
18880012725,23697121,23683,22677,0,0,0,-0.26825904846191406,0,-0.0036630630493164062,0,-0.0048847198486328125
18881595550,23699129,23684,22678,0,0,0,-0.26825904846191406,0,-0.0036630630493164062,0,-0.0048847198486328125
18883178375,23702120,23687,22681,0,0,0,-0.26825904846191406,0,-0.010989189147949219,0,-0.0048847198486328125
18884761200,23703121,23688,22682,0,0,0,-0.26825904846191406,0,-0.0036630630493164062,0,-0.0048847198486328125
18886701630,23706120,23691,22685,0,0,0,-0.26825904846191406,0,0.0036630630493164062,0,-0.0048847198486328125
18888642048,23707121,23692,22686,0,0,0,-0.26825904846191406,0,-0.0036630630493164062,0,-0.0048847198486328125
18890582466,23708120,23693,22687,0,0,0,-0.26825904846191406,0,0.0036630630493164062,0,-0.0048847198486328125
18892522884,23710120,23695,22689,0,0,0,-0.26825904846191406,0,-0.010989189147949219,0,-0.014652252197265625
18894463302,23711121,23696,22690,0,0,0,-0.26825904846191406,0,-0.0036630630493164062,0,-0.0048847198486328125
18896403720,23712134,23697,22691,0,0,0,-0.2686424255371094,0,-0.010989189147949219,0,-0.014652252197265625
18898344138,23714135,23699,22693,0,0,0,-0.2686424255371094,0,-0.0036630630493164062,0,-0.014652252197265625
18900284556,23715133,23700,22694,0,0,0,-0.26825904846191406,0,-0.0036630630493164062,0,-0.0048847198486328125
18902224974,23720120,23705,22699,0,0,0,-0.26825904846191406,0,0.0036630630493164062,0,-0.0048847198486328125
18904165392,23721125,23706,22700,0,0,0,-0.26825904846191406,0,0.0036630630493164062,0,-0.0048847198486328125
18906105810,23723120,23708,22702,0,0,0,-0.26825904846191406,0,-0.0036630630493164062,0,-0.0048847198486328125
18908046228,23725131,23710,22704,0,0,0,-0.26825904846191406,0,0.0036630630493164062,0,-0.0048847198486328125
18909986646,23727129,23712,22706,0,0,0,-0.26825904846191406,0,-0.0036630630493164062,0,-0.0048847198486328125
18911927064,23729128,23714,22708,0,0,0,-0.2686424255371094,0,-0.010989189147949219,0,0.0048847198486328125
18913867482,23730120,23715,22709,0,0,0,-0.26825904846191406,0,-0.0036630630493164062,0,0.0048847198486328125
18915807900,23733122,23718,22712,0,0,0,-0.26825904846191406,0,0.010989189147949219,0,-0.0048847198486328125
18917779445,23738122,23723,22717,0,0,0,-0.26825904846191406,0,-0.0036630630493164062,0,-0.0048847198486328125
18919750982,23740135,23725,22719,0,0,0,-0.26825904846191406,0,-0.010989189147949219,0,-0.0048847198486328125
18921722519,23742138,23727,22721,0,0,0,-0.26825904846191406,0,-0.010989189147949219,0,-0.0048847198486328125
18923694056,23743125,23729,22723,0,0,0,-0.26825904846191406,0,-0.0036630630493164062,0,-0.0048847198486328125
18925665593,23745129,23730,22724,0,0,0,-0.26825904846191406,0,-0.0036630630493164062,0,-0.0048847198486328125
18927637130,23746122,23731,22725,0,0,0,-0.26825904846191406,0,-0.0036630630493164062,0,-0.0048847198486328125
18929608667,23750132,23735,22729,0,0,0,-0.26825904846191406,0,-0.0036630630493164062,0,-0.0048847198486328125
18931580204,23756135,23741,22735,0,0,0,-0.26825904846191406,0,-0.0036630630493164062,0,-0.0048847198486328125
18933551741,23757125,23742,22736,0,0,0,-0.26825904846191406,0,-0.0036630630493164062,0,-0.0048847198486328125
18935523278,23758124,23743,22737,0,0,0,-0.26825904846191406,0,-0.0036630630493164062,0,-0.0048847198486328125
18937494815,23759121,23744,22738,0,0,0,-0.2686424255371094,0,-0.010989189147949219,0,-0.0048847198486328125
18939466352,23761121,23746,22740,0,0,0,-0.26825904846191406,0,-0.010989189147949219,0,-0.0048847198486328125
18941437889,23762122,23747,22741,0,0,0,-0.26825904846191406,0,-0.0036630630493164062,0,-0.0048847198486328125
18943409426,23763125,23748,22742,0,0,0,-0.26825904846191406,0,-0.0036630630493164062,0,-0.0048847198486328125
18945380963,23765129,23750,22744,0,0,0,-0.26825904846191406,0,-0.010989189147949219,0,-0.0048847198486328125
18947352500,23766120,23751,22745,0,0,0,-0.26825904846191406,0,-0.0036630630493164062,0,-0.0048847198486328125
18948957880,23774120,23759,22753,0,0,0,-0.26825904846191406,0,0.0036630630493164062,0,-0.0048847198486328125
18950563248,23775131,23760,22754,0,0,0,-0.26825904846191406,0,-0.010989189147949219,0,-0.0048847198486328125
18952168616,23776120,23761,22755,0,0,0,-0.2686424255371094,0,-0.010989189147949219,0,-0.0048847198486328125
18953773984,23777121,23762,22756,0,0,0,-0.26825904846191406,0,0.0036630630493164062,0,-0.0048847198486328125
18955379352,23778120,23763,22757,0,0,0,-0.26825904846191406,0,-0.0036630630493164062,0,-0.0048847198486328125
18956984720,23779125,23765,22759,0,0,0,-0.26825904846191406,0,0.0036630630493164062,0,-0.0048847198486328125
18958590088,23781120,23766,22760,0,0,0,-0.2686424255371094,0,-0.0036630630493164062,0,-0.0048847198486328125
18960195456,23782135,23767,22761,0,0,0,-0.2686424255371094,0,-0.010989189147949219,0,-0.0048847198486328125
18961800824,23783130,23768,22762,0,0,0,-0.2686424255371094,0,-0.010989189147949219,0,-0.0048847198486328125
18963406192,23784139,23769,22763,0,0,0,-0.26825904846191406,0,-0.0036630630493164062,0,-0.0048847198486328125
18965011560,23786120,23771,22765,0,0,0,-0.26825904846191406,0,-0.010989189147949219,0,-0.0048847198486328125
18966616928,23787125,23772,22766,0,0,0,-0.2686424255371094,0,-0.0036630630493164062,0,-0.0048847198486328125
18968222296,23788120,23773,22767,0,0,0,-0.26825904846191406,0,-0.0036630630493164062,0,-0.014652252197265625
18969827664,23789121,23774,22768,0,0,0,-0.26825904846191406,0,-0.010989189147949219,0,-0.014652252197265625
18971433032,23790120,23775,22769,0,0,0,-0.26825904846191406,0,-0.0036630630493164062,0,-0.014652252197265625
18973038400,23791122,23776,22770,0,0,0,-0.26825904846191406,0,0.010989189147949219,0,-0.014652252197265625
18974334650,23794120,23779,22774,0,0,0,-0.26825904846191406,0,-0.0036630630493164062,0,-0.014652252197265625
18975688564,23796137,23781,22775,0,0,0,-0.2686424255371094,0,-0.010989189147949219,0,-0.014652252197265625
18977042478,23797128,23782,22776,0,0,0,-0.26825904846191406,0,-0.010989189147949219,0,-0.014652252197265625
18978396392,23798135,23783,22777,0,0,0,-0.26825904846191406,0,0.010989189147949219,0,-0.0048847198486328125
18979750306,23800134,23785,22779,0,0,0,-0.26825904846191406,0,-0.0036630630493164062,0,-0.0048847198486328125
18981104220,23801123,23786,22780,0,0,0,-0.26825904846191406,0,-0.0036630630493164062,0,-0.0048847198486328125
18982458134,23803121,23788,22782,0,0,0,-0.26825904846191406,0,0.0036630630493164062,0,-0.014652252197265625
18983812048,23804122,23789,22783,0,0,0,-0.2686424255371094,0,-0.0036630630493164062,0,-0.014652252197265625
18985165962,23805133,23790,22784,0,0,0,-0.2686424255371094,0,-0.010989189147949219,0,-0.014652252197265625
18986519876,23806120,23791,22785,0,0,0,-0.26825904846191406,0,0.0036630630493164062,0,-0.014652252197265625
18987873790,23807121,23792,22786,0,0,0,-0.26825904846191406,0,-0.0036630630493164062,0,-0.014652252197265625
18989227704,23808124,23793,22787,0,0,0,-0.26825904846191406,0,-0.010989189147949219,0,-0.0048847198486328125
18990581618,23810135,23795,22789,0,0,0,-0.26825904846191406,0,-0.0036630630493164062,0,-0.014652252197265625
18991935532,23811129,23796,22790,0,0,0,-0.26825904846191406,0,-0.0036630630493164062,0,-0.014652252197265625
18993289446,23811129,23796,22791,0,0,0,-0.26825904846191406,0,-0.0036630630493164062,0,-0.014652252197265625
18994643360,23813124,23798,22792,0,0,0,-0.26825904846191406,0,-0.0036630630493164062,0,-0.014652252197265625
18995997274,23814120,23799,22793,0,0,0,-0.26825904846191406,0,0.0036630630493164062,0,-0.0048847198486328125
18997351188,23815129,23800,22794,0,0,0,-0.26825904846191406,0,0.0036630630493164062,0,-0.0048847198486328125
18998705102,23816124,23801,22795,0,0,0,-0.26825904846191406,0,0.0036630630493164062,0,-0.0048847198486328125
19000059016,23818120,23803,22797,0,0,0,-0.26825904846191406,0,-0.0036630630493164062,0,-0.0048847198486328125
19001412930,23819121,23804,22798,0,0,0,-0.26825904846191406,0,-0.010989189147949219,0,-0.0048847198486328125
19002766844,23822120,23807,22801,0,0,0,-0.26825904846191406,0,-0.0036630630493164062,0,-0.0048847198486328125
19004120758,23823120,23808,22802,0,0,0,-0.26825904846191406,0,-0.010989189147949219,0,-0.0048847198486328125
19005474672,23824135,23809,22803,0,0,0,-0.26825904846191406,0,-0.0036630630493164062,0,-0.0048847198486328125
19006828586,23825139,23810,22804,0,0,0,-0.26825904846191406,0,0.0036630630493164062,0,-0.0048847198486328125
19008182500,23827125,23812,22806,0,0,0,-0.26825904846191406,0,0.0036630630493164062,0,-0.0048847198486328125
19009536414,23828120,23813,22807,0,0,0,-0.26825904846191406,0,-0.0036630630493164062,0,0.0048847198486328125
19010890328,23829125,23814,22808,0,0,0,-0.26825904846191406,0,-0.010989189147949219,0,0.0048847198486328125
19012244242,23830121,23815,22809,0,0,0,-0.26825904846191406,0,-0.0036630630493164062,0,0.0048847198486328125
19013598156,23831120,23816,22811,0,0,0,-0.26825904846191406,0,-0.0036630630493164062,0,0.0048847198486328125
19014952070,23832122,23817,22811,0,0,0,-0.2686424255371094,0,-0.010989189147949219,0,0.0048847198486328125
19016305984,23834120,23819,22813,0,0,0,-0.26825904846191406,0,-0.010989189147949219,0,0.0048847198486328125
19019597960,23859121,23844,22838,0,0,0,-0.26825904846191406,0,-0.010989189147949219,0,0.0048847198486328125
19022889916,23864122,23849,22843,0,0,0,-0.26825904846191406,0,-0.0036630630493164062,0,-0.0048847198486328125
19026181872,23869125,23854,22848,0,0,0,-0.2686424255371094,0,-0.0036630630493164062,0,-0.0048847198486328125
19029473828,23871121,23856,22851,0,0,0,-0.26825904846191406,0,0.0036630630493164062,0,-0.0048847198486328125
19032765784,23873120,23858,22852,0,0,0,-0.26825904846191406,0,-0.0036630630493164062,0,-0.0048847198486328125
19036057740,23874124,23859,22853,0,0,0,-0.26825904846191406,0,-0.0036630630493164062,0,-0.0048847198486328125
19039349696,23875131,23860,22854,0,0,0,-0.26825904846191406,0,-0.0036630630493164062,0,-0.0048847198486328125
19042641652,23876120,23861,22855,0,0,0,-0.26825904846191406,0,-0.0036630630493164062,0,-0.0048847198486328125
19045933608,23877121,23862,22856,0,0,0,-0.26825904846191406,0,-0.0036630630493164062,0,-0.0048847198486328125
19049225564,23878122,23863,22858,0,0,0,-0.26825904846191406,0,-0.0036630630493164062,0,-0.0048847198486328125
19052517520,23879124,23864,22859,0,0,0,-0.2686424255371094,0,-0.010989189147949219,0,-0.0048847198486328125
19055809476,23880137,23865,22859,0,0,0,-0.26825904846191406,0,-0.010989189147949219,0,-0.0048847198486328125
19059101432,23881126,23866,22860,0,0,0,-0.2686424255371094,0,-0.0036630630493164062,0,-0.0048847198486328125
19062393388,23883127,23868,22862,0,0,0,-0.26825904846191406,0,-0.0036630630493164062,0,-0.0048847198486328125
19065685344,23884120,23869,22863,0,0,0,-0.26825904846191406,0,-0.0036630630493164062,0,-0.0048847198486328125
19068977300,23885129,23870,22864,0,0,0,-0.26825904846191406,0,-0.0036630630493164062,0,-0.0048847198486328125
19071225196,23896138,23881,22875,0,0,0,-0.26825904846191406,0,-0.010989189147949219,0,-0.0048847198486328125
19072728042,23897125,23882,22877,0,0,0,-0.26825904846191406,0,-0.0036630630493164062,0,-0.0048847198486328125
19074230888,23899123,23884,22878,0,0,0,-0.2686424255371094,0,-0.010989189147949219,0,-0.0048847198486328125
19075733734,23900133,23886,22880,0,0,0,-0.2686424255371094,0,-0.0036630630493164062,0,-0.0048847198486328125
19077236580,23902120,23887,22881,0,0,0,-0.26825904846191406,0,0.0036630630493164062,0,-0.0048847198486328125
19078739426,23903125,23888,22882,0,0,0,-0.2686424255371094,0,-0.010989189147949219,0,-0.0048847198486328125
19080242272,23905129,23890,22884,0,0,0,-0.26825904846191406,0,-0.010989189147949219,0,-0.0048847198486328125
19081745118,23906120,23891,22885,0,0,0,-0.2686424255371094,0,-0.0036630630493164062,0,-0.0048847198486328125
19083247964,23908140,23893,22887,0,0,0,-0.2686424255371094,0,-0.010989189147949219,0,-0.0048847198486328125
19084750810,23910135,23896,22890,0,0,0,-0.26825904846191406,0,0.010989189147949219,0,-0.0048847198486328125
19086253656,23912122,23897,22891,0,0,0,-0.26825904846191406,0,-0.010989189147949219,0,-0.0048847198486328125
19087756502,23913120,23898,22892,0,0,0,-0.26825904846191406,0,0.010989189147949219,0,-0.0048847198486328125
19089259348,23914121,23899,22893,0,0,0,-0.26825904846191406,0,-0.0036630630493164062,0,-0.0048847198486328125
19090762194,23915129,23900,22894,0,0,0,-0.26825904846191406,0,-0.0036630630493164062,0,-0.0048847198486328125
19092265040,23916124,23901,22895,0,0,0,-0.26825904846191406,0,-0.0036630630493164062,0,-0.0048847198486328125
19093767886,23917121,23902,22896,0,0,0,-0.26825904846191406,0,-0.0036630630493164062,0,-0.0048847198486328125
19095270732,23918120,23903,22897,0,0,0,-0.26825904846191406,0,-0.0036630630493164062,0,-0.0048847198486328125
19096773578,23919122,23904,22898,0,0,0,-0.26825904846191406,0,-0.0036630630493164062,0,-0.0048847198486328125
19098276424,23920122,23905,22900,0,0,0,-0.26825904846191406,0,-0.0036630630493164062,0,-0.014652252197265625
19099779270,23921121,23906,22900,0,0,0,-0.26825904846191406,0,-0.0036630630493164062,0,-0.0048847198486328125
19101282116,23922137,23907,22901,0,0,0,-0.26825904846191406,0,-0.0036630630493164062,0,-0.0048847198486328125
19102784962,23923126,23908,22902,0,0,0,-0.26825904846191406,0,-0.0036630630493164062,0,-0.0048847198486328125
19104287808,23924139,23909,22903,0,0,0,-0.26825904846191406,0,-0.0036630630493164062,0,-0.0048847198486328125
19105790654,23925135,23910,22904,0,0,0,-0.26825904846191406,0,-0.0036630630493164062,0,-0.0048847198486328125
19107293500,23926120,23911,22905,0,0,0,-0.26825904846191406,0,-0.0036630630493164062,0,-0.0048847198486328125
19108591170,23929121,23914,22909,0,0,0,-0.26825904846191406,0,0.010989189147949219,0,-0.0048847198486328125
19109888832,23930120,23916,22910,0,0,0,-0.26825904846191406,0,0.0036630630493164062,0,-0.0048847198486328125
19111186494,23931121,23916,22910,0,0,0,-0.26825904846191406,0,0.0036630630493164062,0,-0.0048847198486328125
19112484156,23932125,23918,22912,0,0,0,-0.26825904846191406,0,-0.0036630630493164062,0,-0.0048847198486328125
19113781818,23933120,23918,22912,0,0,0,-0.2686424255371094,0,-0.010989189147949219,0,-0.0048847198486328125
19115079480,23934120,23919,22914,0,0,0,-0.2686424255371094,0,-0.010989189147949219,0,-0.0048847198486328125
19116377142,23935129,23920,22915,0,0,0,-0.26825904846191406,0,-0.0036630630493164062,0,-0.0048847198486328125
19117674804,23937132,23922,22916,0,0,0,-0.26825904846191406,0,-0.0036630630493164062,0,-0.0048847198486328125
19118972466,23938135,23923,22917,0,0,0,-0.26825904846191406,0,-0.010989189147949219,0,-0.0048847198486328125
19120270128,23939125,23924,22918,0,0,0,-0.26825904846191406,0,0.010989189147949219,0,-0.0048847198486328125
19121567790,23940120,23925,22919,0,0,0,-0.26825904846191406,0,-0.0036630630493164062,0,-0.0048847198486328125
19122865452,23941123,23926,22920,0,0,0,-0.26825904846191406,0,0.0036630630493164062,0,-0.0048847198486328125
19124163114,23942120,23927,22921,0,0,0,-0.2686424255371094,0,-0.010989189147949219,0,-0.0048847198486328125
19125460776,23943121,23928,22922,0,0,0,-0.26825904846191406,0,-0.0036630630493164062,0,-0.0048847198486328125
19126758438,23946120,23931,22925,0,0,0,-0.26825904846191406,0,0.0036630630493164062,0,-0.0048847198486328125
19128056100,23947121,23932,22926,0,0,0,-0.26825904846191406,0,0.0036630630493164062,0,-0.0048847198486328125
19129158145,23949123,23934,22928,0,0,0,-0.2686424255371094,0,-0.0036630630493164062,0,-0.0048847198486328125
19130264630,23950148,23935,22929,0,0,0,-0.26825904846191406,0,-0.0036630630493164062,0,-0.0048847198486328125
19131371115,23951127,23936,22930,0,0,0,-0.26825904846191406,0,0.0036630630493164062,0,-0.0048847198486328125
19132477600,23952137,23937,22931,0,0,0,-0.26825904846191406,0,0.0036630630493164062,0,-0.0048847198486328125
19133584085,23954120,23939,22933,0,0,0,-0.26825904846191406,0,-0.0036630630493164062,0,-0.0048847198486328125
19134690570,23954120,23940,22934,0,0,0,-0.26825904846191406,0,-0.010989189147949219,0,-0.0048847198486328125
19135797055,23955129,23940,22934,0,0,0,-0.26825904846191406,0,-0.010989189147949219,0,-0.0048847198486328125
19136903540,23956120,23941,22935,0,0,0,-0.26825904846191406,0,0.0036630630493164062,0,-0.0048847198486328125
19138010025,23957122,23942,22937,0,0,0,-0.26825904846191406,0,-0.01831531524658203,0,-0.0048847198486328125
19139116510,23958120,23943,22937,0,0,0,-0.26825904846191406,0,-0.0036630630493164062,0,-0.0048847198486328125
19140222995,23959121,23944,22938,0,0,0,-0.26825904846191406,0,-0.0036630630493164062,0,-0.0048847198486328125
19141329480,23960121,23945,22939,0,0,0,-0.26825904846191406,0,0.0036630630493164062,0,-0.0048847198486328125
19142435965,23961124,23946,22940,0,0,0,-0.26825904846191406,0,0.0036630630493164062,0,-0.0048847198486328125
19143542450,23962120,23947,22941,0,0,0,-0.26825904846191406,0,-0.01831531524658203,0,-0.0048847198486328125
19144648935,23963121,23948,22942,0,0,0,-0.26825904846191406,0,0.0036630630493164062,0,-0.0048847198486328125
19145755420,23964138,23949,22943,0,0,0,-0.26825904846191406,0,-0.0036630630493164062,0,-0.0048847198486328125
19146861905,23967125,23952,22946,0,0,0,-0.26825904846191406,0,-0.0036630630493164062,0,-0.0048847198486328125
19147968390,23968120,23953,22947,0,0,0,-0.26825904846191406,0,-0.0036630630493164062,0,-0.0048847198486328125
19149074875,23969121,23954,22948,0,0,0,-0.26825904846191406,0,-0.0036630630493164062,0,-0.0048847198486328125
19150181360,23970122,23955,22949,0,0,0,-0.26825904846191406,0,-0.0036630630493164062,0,0.0048847198486328125
19151287845,23971121,23956,22950,0,0,0,-0.26825904846191406,0,-0.0036630630493164062,0,0.0048847198486328125
19152394330,23972120,23957,22951,0,0,0,-0.26825904846191406,0,-0.0036630630493164062,0,0.0048847198486328125
19153500815,23973120,23958,22952,0,0,0,-0.2686424255371094,0,-0.010989189147949219,0,0.0048847198486328125
19154607300,23974124,23959,22953,0,0,0,-0.26825904846191406,0,-0.010989189147949219,0,-0.0048847198486328125
19155713785,23975129,23960,22954,0,0,0,-0.26825904846191406,0,-0.0036630630493164062,0,-0.0048847198486328125
19156820270,23976120,23961,22955,0,0,0,-0.26825904846191406,0,-0.0036630630493164062,0,-0.0048847198486328125
19157926755,23977121,23962,22956,0,0,0,-0.26825904846191406,0,-0.0036630630493164062,0,-0.0048847198486328125
19159033240,23978137,23963,22957,0,0,0,-0.26825904846191406,0,0.0036630630493164062,0,-0.0048847198486328125
19160139725,23979132,23964,22958,0,0,0,-0.26825904846191406,0,-0.0036630630493164062,0,-0.0048847198486328125
19161246210,23980135,23965,22959,0,0,0,-0.26825904846191406,0,0.0036630630493164062,0,0.0048847198486328125
19162352695,23981124,23966,22960,0,0,0,-0.2686424255371094,0,-0.0036630630493164062,0,-0.0048847198486328125
19163459180,23982124,23967,22961,0,0,0,-0.26825904846191406,0,0.0036630630493164062,0,-0.0048847198486328125
19164660735,23984120,23969,22963,0,0,0,-0.26825904846191406,0,-0.0036630630493164062,0,-0.0048847198486328125
19165862266,23985130,23970,22965,0,0,0,-0.26825904846191406,0,-0.0036630630493164062,0,-0.0048847198486328125
19167063797,23987121,23972,22966,0,0,0,-0.26825904846191406,0,-0.0036630630493164062,0,-0.0048847198486328125
19168265328,23988120,23973,22967,0,0,0,-0.2686424255371094,0,-0.0036630630493164062,0,-0.0048847198486328125
19169466859,23989121,23974,22968,0,0,0,-0.26825904846191406,0,-0.010989189147949219,0,-0.0048847198486328125
19170668390,23990124,23975,22969,0,0,0,-0.26825904846191406,0,-0.0036630630493164062,0,-0.0048847198486328125
19171869921,23991121,23976,22970,0,0,0,-0.2686424255371094,0,-0.0036630630493164062,0,-0.0048847198486328125
19173071452,23992135,23977,22971,0,0,0,-0.2686424255371094,0,-0.0036630630493164062,0,-0.0048847198486328125
19174272983,23993129,23978,22972,0,0,0,-0.26825904846191406,0,-0.0036630630493164062,0,-0.0048847198486328125
19175474514,23994137,23979,22973,0,0,0,-0.26825904846191406,0,-0.0036630630493164062,0,-0.0048847198486328125
19176676045,23995136,23980,22974,0,0,0,-0.26825904846191406,0,-0.0036630630493164062,0,-0.0048847198486328125
19177877576,23996122,23981,22975,0,0,0,-0.2686424255371094,0,-0.0036630630493164062,0,-0.0048847198486328125
19179079107,23997121,23982,22976,0,0,0,-0.26825904846191406,0,-0.0036630630493164062,0,-0.0048847198486328125
19180280638,23999123,23984,22978,0,0,0,-0.26825904846191406,0,-0.0036630630493164062,0,-0.0048847198486328125
19181482169,24000129,23985,22979,0,0,0,-0.26825904846191406,0,-0.0036630630493164062,0,-0.0048847198486328125
19182683700,24001124,23986,22980,0,0,0,-0.26825904846191406,0,-0.0036630630493164062,0,0.0048847198486328125
19184111250,24006137,23992,22986,0,0,0,-0.26825904846191406,0,-0.010989189147949219,0,-0.0048847198486328125
19185538800,24008139,23993,22987,0,0,0,-0.26825904846191406,0,-0.0036630630493164062,0,0.0048847198486328125
19186966350,24009125,23994,22988,0,0,0,-0.2686424255371094,0,-0.0036630630493164062,0,0.0048847198486328125
19188393900,24010120,23995,22989,0,0,0,-0.2686424255371094,0,-0.010989189147949219,0,0.0048847198486328125
19189821450,24011124,23996,22990,0,0,0,-0.26825904846191406,0,-0.0036630630493164062,0,0.0048847198486328125
19191249000,24012121,23997,22991,0,0,0,-0.26825904846191406,0,-0.0036630630493164062,0,0.0048847198486328125
19192676550,24013121,23998,22992,0,0,0,-0.2686424255371094,0,-0.0036630630493164062,0,-0.0048847198486328125
19194104100,24014120,23999,22993,0,0,0,-0.26825904846191406,0,-0.0036630630493164062,0,-0.0048847198486328125
19195531650,24015131,24000,22994,0,0,0,-0.2686424255371094,0,-0.0036630630493164062,0,-0.0048847198486328125
19196959200,24016120,24001,22995,0,0,0,-0.26825904846191406,0,-0.0036630630493164062,0,0.0048847198486328125
19198386750,24017121,24002,22996,0,0,0,-0.26825904846191406,0,-0.0036630630493164062,0,-0.0048847198486328125
19199814300,24019125,24004,22998,0,0,0,-0.26825904846191406,0,-0.0036630630493164062,0,-0.0048847198486328125
19201241850,24020137,24005,22999,0,0,0,-0.26825904846191406,0,-0.0036630630493164062,0,-0.0048847198486328125
19202669400,24022135,24007,23001,0,0,0,-0.26825904846191406,0,-0.0036630630493164062,0,-0.0048847198486328125
19204096950,24023126,24008,23002,0,0,0,-0.26825904846191406,0,-0.0036630630493164062,0,-0.0048847198486328125
19205524500,24024123,24009,23003,0,0,0,-0.26825904846191406,0,-0.0036630630493164062,0,-0.0048847198486328125
19207497830,24027121,24012,23006,0,0,0,-0.2686424255371094,0,0.0036630630493164062,0,-0.0048847198486328125
19209471148,24028122,24013,23007,0,0,0,-0.2686424255371094,0,-0.010989189147949219,0,-0.0048847198486328125
19211444466,24029121,24015,23009,0,0,0,-0.2686424255371094,0,-0.01831531524658203,0,-0.0048847198486328125
19213417784,24031120,24016,23010,0,0,0,-0.26825904846191406,0,0.0036630630493164062,0,-0.0048847198486328125
19215391102,24032125,24017,23011,0,0,0,-0.26825904846191406,0,0.0036630630493164062,0,-0.0048847198486328125
19217364420,24033121,24018,23013,0,0,0,-0.26825904846191406,0,0.0036630630493164062,0,-0.014652252197265625
19219337738,24036136,24021,23015,0,0,0,-0.26825904846191406,0,-0.0036630630493164062,0,-0.0048847198486328125
19221311056,24037128,24022,23016,0,0,0,-0.26825904846191406,0,-0.0036630630493164062,0,-0.0048847198486328125
19223284374,24040124,24025,23019,0,0,0,-0.26825904846191406,0,-0.0036630630493164062,0,-0.0048847198486328125
19225257692,24042120,24027,23021,0,0,0,-0.26825904846191406,0,-0.0036630630493164062,0,-0.0048847198486328125
19227231010,24044122,24029,23023,0,0,0,-0.26825904846191406,0,-0.0036630630493164062,0,-0.0048847198486328125
19229204328,24046121,24031,23025,0,0,0,-0.26825904846191406,0,-0.0036630630493164062,0,-0.0048847198486328125
19231177646,24047121,24032,23026,0,0,0,-0.26825904846191406,0,-0.0036630630493164062,0,-0.0048847198486328125
19233150964,24050143,24035,23029,0,0,0,-0.26825904846191406,0,0.0036630630493164062,0,-0.0048847198486328125
19235124282,24052124,24037,23031,0,0,0,-0.26825904846191406,0,-0.0036630630493164062,0,-0.0048847198486328125
19237097600,24055129,24040,23034,0,0,0,-0.26825904846191406,0,-0.0036630630493164062,0,-0.0048847198486328125
19239267330,24059121,24044,23038,0,0,0,-0.26825904846191406,0,-0.0036630630493164062,0,-0.0048847198486328125
19241437048,24061125,24046,23040,0,0,0,-0.26825904846191406,0,-0.010989189147949219,0,-0.0048847198486328125
19243606766,24063126,24048,23042,0,0,0,-0.26825904846191406,0,-0.0036630630493164062,0,0.0048847198486328125
19245776484,24065135,24050,23044,0,0,0,-0.2686424255371094,0,-0.010989189147949219,0,-0.0048847198486328125
19247946202,24067121,24052,23046,0,0,0,-0.26825904846191406,0,-0.0036630630493164062,0,0.0048847198486328125
19250115920,24069124,24054,23048,0,0,0,-0.26825904846191406,0,-0.0036630630493164062,0,-0.0048847198486328125
19252285638,24070120,24055,23049,0,0,0,-0.26825904846191406,0,-0.0036630630493164062,0,-0.0048847198486328125
19254455356,24072120,24057,23051,0,0,0,-0.2686424255371094,0,-0.010989189147949219,0,-0.0048847198486328125
19256625074,24073122,24059,23053,0,0,0,-0.26825904846191406,0,-0.0036630630493164062,0,-0.0048847198486328125
19258794792,24075130,24060,23054,0,0,0,-0.26825904846191406,0,-0.010989189147949219,0,0.0048847198486328125
19260964510,24078137,24063,23057,0,0,0,-0.26825904846191406,0,0.0036630630493164062,0,-0.0048847198486328125
19263134228,24081122,24066,23060,0,0,0,-0.26825904846191406,0,-0.010989189147949219,0,-0.0048847198486328125
19265303946,24083121,24068,23062,0,0,0,-0.26825904846191406,0,0.0036630630493164062,0,-0.0048847198486328125
19267473664,24085129,24070,23064,0,0,0,-0.2686424255371094,0,-0.010989189147949219,0,-0.0048847198486328125
19269643382,24088121,24073,23067,0,0,0,-0.26825904846191406,0,0.0036630630493164062,0,-0.0048847198486328125
19271813100,24090140,24075,23069,0,0,0,-0.26825904846191406,0,-0.010989189147949219,0,-0.0048847198486328125
19274253045,24094122,24079,23073,0,0,0,-0.26825904846191406,0,0.0036630630493164062,0,-0.0048847198486328125
19276692980,24096121,24081,23075,0,0,0,-0.26825904846191406,0,-0.0036630630493164062,0,-0.0048847198486328125
19279132915,24098124,24083,23077,0,0,0,-0.26825904846191406,0,-0.0036630630493164062,0,-0.0048847198486328125
19281572850,24100130,24085,23079,0,0,0,-0.26825904846191406,0,-0.0036630630493164062,0,-0.0048847198486328125
19284012785,24102122,24087,23081,0,0,0,-0.26825904846191406,0,-0.0036630630493164062,0,-0.0048847198486328125
19286452720,24104137,24089,23083,0,0,0,-0.26825904846191406,0,0.0036630630493164062,0,-0.0048847198486328125
19288892655,24105135,24090,23084,0,0,0,-0.26825904846191406,0,-0.0036630630493164062,0,-0.0048847198486328125
19291332590,24108121,24093,23087,0,0,0,-0.26825904846191406,0,0.0036630630493164062,0,-0.0048847198486328125
19293772525,24110122,24095,23090,0,0,0,-0.26825904846191406,0,-0.0036630630493164062,0,-0.0048847198486328125
19296212460,24113120,24098,23092,0,0,0,-0.2686424255371094,0,-0.01831531524658203,0,-0.0048847198486328125
19298652395,24116120,24101,23095,0,0,0,-0.26825904846191406,0,-0.0036630630493164062,0,0.0048847198486328125
19301092330,24119130,24104,23098,0,0,0,-0.26825904846191406,0,-0.0036630630493164062,0,-0.0048847198486328125
19303532265,24122120,24107,23101,0,0,0,-0.26825904846191406,0,-0.0036630630493164062,0,-0.0048847198486328125
19305972200,24124120,24109,23103,0,0,0,-0.2686424255371094,0,-0.010989189147949219,0,-0.0048847198486328125
19308605716,24137121,24122,23116,0,0,0,-0.2686424255371094,0,-0.0036630630493164062,0,-0.0048847198486328125
19311239223,24138121,24124,23118,0,0,0,-0.26825904846191406,0,-0.0036630630493164062,0,-0.0048847198486328125
19313872730,24140124,24125,23119,0,0,0,-0.26825904846191406,0,-0.0036630630493164062,0,-0.0048847198486328125
19316506237,24142120,24127,23121,0,0,0,-0.26825904846191406,0,0.0036630630493164062,0,-0.0048847198486328125
19319139744,24143121,24129,23123,0,0,0,-0.2686424255371094,0,-0.025641441345214844,0,-0.014652252197265625
19321773251,24145129,24130,23124,0,0,0,-0.2686424255371094,0,-0.010989189147949219,0,-0.0048847198486328125
19324406758,24147128,24132,23126,0,0,0,-0.26825904846191406,0,-0.0036630630493164062,0,-0.0048847198486328125
19327040265,24149125,24134,23128,0,0,0,-0.26825904846191406,0,-0.0036630630493164062,0,-0.0048847198486328125
19329673772,24151121,24136,23130,0,0,0,-0.2686424255371094,0,-0.0036630630493164062,0,-0.0048847198486328125
19332307279,24153120,24138,23132,0,0,0,-0.26825904846191406,0,-0.0036630630493164062,0,-0.0048847198486328125
19334940786,24154120,24139,23133,0,0,0,-0.26825904846191406,0,-0.0036630630493164062,0,-0.0048847198486328125
19337574293,24156124,24141,23135,0,0,0,-0.26825904846191406,0,-0.0036630630493164062,0,-0.014652252197265625
19340207800,24158120,24143,23137,0,0,0,-0.26825904846191406,0,-0.0036630630493164062,0,-0.0048847198486328125
