timestamp_us,sample_seq,state,position_mrad,gyro_yaw_mrad_s,motor_speed_mrad_s,torque_command_mNm,torque_feedback_mNm,frequency_mHz,imu_status,motor_rx_seq,imu_sample_seq
20892118,20877,0,-701,0,-10,0,-4,0,7,20877,0
20902130,20887,0,-701,0,-3,0,-24,0,7,20887,0
20912118,20897,0,-701,0,-3,0,-14,0,7,20897,0
20922118,20907,0,-701,0,-3,0,-4,0,7,20907,0
20932125,20917,0,-701,0,-3,0,-14,0,7,20917,0
20942118,20927,0,-701,0,-10,0,-14,0,7,20927,0
20952122,20937,0,-701,0,-3,0,-4,0,7,20937,0
20962118,20947,0,-701,0,10,0,-4,0,7,20947,0
20972127,20957,0,-701,0,-18,0,-14,0,7,20957,0
20982118,20967,0,-701,0,-3,0,-4,0,7,20967,0
20992118,20977,0,-701,0,-3,0,-4,0,7,20977,0
21002126,20987,0,-701,0,-10,0,-14,0,7,20987,0
21012118,20997,0,-701,0,-18,0,-14,0,7,20997,0
21022119,21007,0,-701,0,-25,0,-14,0,7,21007,0
21032119,21017,0,-701,0,-3,0,-4,0,7,21017,0
21042126,21027,0,-701,0,-10,0,-4,0,7,21027,0
21052122,21037,0,-701,0,-18,0,-4,0,7,21037,0
21062118,21047,0,-701,0,10,0,-14,0,7,21047,0
21072124,21057,0,-701,0,-10,0,-4,0,7,21057,0
21082118,21067,0,-701,0,-3,0,-4,0,7,21067,0
21092118,21077,0,-701,0,-25,0,-4,0,7,21077,0
21102122,21087,0,-701,0,3,0,-4,0,7,21087,0
21112126,21097,0,-701,0,-3,0,-4,0,7,21097,0
21122120,21107,0,-701,0,3,0,-4,0,7,21107,0
21132119,21117,0,-701,0,-10,0,-4,0,7,21117,0
21142122,21127,0,-701,0,-10,0,-4,0,7,21127,0
21152118,21137,0,-701,0,-10,0,-4,0,7,21137,0
21162118,21147,0,-701,0,-10,0,-4,0,7,21147,0
21172120,21157,0,-701,0,-18,0,-14,0,7,21157,0
21182126,21167,0,-701,0,-3,0,-4,0,7,21167,0
21192118,21177,0,-701,0,3,0,-4,0,7,21177,0
21202118,21187,0,-701,0,10,0,-4,0,7,21187,0
21212122,21197,0,-701,0,3,0,-14,0,7,21197,0
21222120,21207,0,-701,0,-25,0,-14,0,7,21207,0
21232119,21217,0,-701,0,-3,0,-4,0,7,21217,0
21242121,21227,0,-701,0,-3,0,-14,0,7,21227,0
21252126,21237,0,-701,0,-10,0,-14,0,7,21237,0
21262118,21247,0,-701,0,-18,0,-4,0,7,21247,0
21272118,21257,0,-701,0,3,0,-14,0,7,21257,0
21282122,21267,0,-701,0,3,0,-4,0,7,21267,0
21292122,21277,0,-701,0,-18,0,-14,0,7,21277,0
21302118,21287,0,-701,0,3,0,-14,0,7,21287,0
21312118,21297,0,-701,0,-10,0,-4,0,7,21297,0
21322126,21307,0,-701,0,-10,0,-4,0,7,21307,0
21332119,21317,0,-701,0,-3,0,-4,0,7,21317,0
21342122,21327,0,-701,0,-10,0,-4,0,7,21327,0
21352122,21337,0,-701,0,-3,0,-4,0,7,21337,0
21362120,21347,0,-701,0,-10,0,-4,0,7,21347,0
21372118,21357,0,-701,0,10,0,-4,0,7,21357,0
21382118,21367,0,-701,0,3,0,-14,0,7,21367,0
21392130,21377,0,-701,0,-10,0,-14,0,7,21377,0
21402118,21387,0,-701,0,3,0,-14,0,7,21387,0
21412120,21397,0,-701,0,18,0,-4,0,7,21397,0
21422122,21407,0,-701,0,-3,0,-14,0,7,21407,0
21432119,21417,0,-701,0,-18,0,-4,0,7,21417,0
21442118,21427,0,-701,0,10,0,-14,0,7,21427,0
21452118,21437,0,-701,0,-3,0,-14,0,7,21437,0
21462128,21447,0,-701,0,-3,0,-4,0,7,21447,0
21472118,21457,0,-701,0,-3,0,-4,0,7,21457,0
21482118,21467,0,-701,0,3,0,-4,0,7,21467,0
21492122,21477,0,-701,0,-3,0,-4,0,7,21477,0
21502118,21487,0,-701,0,25,0,-4,0,7,21487,0
21512120,21497,0,-701,0,-10,0,-4,0,7,21497,0
21522118,21507,0,-701,0,-18,0,-4,0,7,21507,0
21532131,21517,0,-701,0,3,0,-4,0,7,21517,0
21542118,21527,0,-701,0,3,0,-4,0,7,21527,0
21552118,21537,0,-701,0,-3,0,-4,0,7,21537,0
21562122,21547,0,-701,0,3,0,-14,0,7,21547,0
21572118,21557,0,-701,0,3,0,-14,0,7,21557,0
21582122,21567,0,-701,0,-10,0,-14,0,7,21567,0
21592118,21577,0,-701,0,-3,0,-4,0,7,21577,0
21602126,21587,0,-701,0,-3,0,-4,0,7,21587,0
21612118,21597,0,-701,0,-10,0,-14,0,7,21597,0
21622118,21607,0,-701,0,-3,0,-14,0,7,21607,0
21632127,21617,0,-701,0,-10,0,-4,0,7,21617,0
21642118,21627,0,-701,0,-25,0,-4,0,7,21627,0
21652120,21637,0,-701,0,-3,0,-14,0,7,21637,0
21662118,21647,0,-701,0,3,0,-4,0,7,21647,0
21672126,21657,0,-701,0,-10,0,-4,0,7,21657,0
21682122,21667,0,-701,0,-3,0,-14,0,7,21667,0
21692118,21677,0,-701,0,10,0,-14,0,7,21677,0
21702124,21687,0,-701,0,3,0,-14,0,7,21687,0
21712118,21697,0,-701,0,3,0,-4,0,7,21697,0
21722118,21707,0,-701,0,-3,0,-4,0,7,21707,0
21732119,21717,0,-701,0,-3,0,-4,0,7,21717,0
21742126,21727,0,-701,0,3,0,-14,0,7,21727,0
21752120,21737,0,-701,0,-10,0,-14,0,7,21737,0
21762118,21747,0,-701,0,-3,0,-4,0,7,21747,0
21772122,21757,0,-701,0,-18,0,-4,0,7,21757,0
21782118,21767,0,-701,0,-3,0,-14,0,7,21767,0
21792118,21777,0,-701,0,-10,0,-4,0,7,21777,0
21802120,21787,0,-701,0,-3,0,-4,0,7,21787,0
21812126,21797,0,-701,0,-3,0,-4,0,7,21797,0
21822121,21807,0,-701,0,-10,0,-4,0,7,21807,0
21832119,21817,0,-701,0,-3,0,-14,0,7,21817,0
21842122,21827,0,-701,0,-10,0,-14,0,7,21827,0
21852118,21837,0,-701,0,-18,0,-14,0,7,21837,0
21862118,21847,0,-701,0,-3,0,-14,0,7,21847,0
21872122,21857,0,-701,0,-3,0,-14,0,7,21857,0
21882126,21867,0,-701,0,-18,0,-4,0,7,21867,0
21892117,21877,0,-701,0,-3,0,-14,0,7,21877,0
21902118,21887,0,-701,0,3,0,-14,0,7,21887,0
21912122,21897,0,-701,0,3,0,-14,0,7,21897,0
21922121,21907,0,-701,0,-3,0,-14,0,7,21907,0
21932119,21917,0,-701,0,-3,0,-14,0,7,21917,0
21942120,21927,0,-701,0,-18,0,-4,0,7,21927,0
21952126,21937,0,-701,0,10,0,-24,0,7,21937,0
21962118,21947,0,-701,0,-3,0,-14,0,7,21947,0
21972122,21957,0,-701,0,-10,0,-4,0,7,21957,0
21982122,21967,0,-701,0,10,0,-4,0,7,21967,0
21992120,21977,0,-701,0,3,0,-14,0,7,21977,0
22002118,21987,0,-701,0,-3,0,-14,0,7,21987,0
22012118,21997,0,-701,0,-10,0,-4,0,7,21997,0
22022126,22007,0,-701,0,-3,0,-14,0,7,22007,0
22032118,22017,0,-701,0,10,0,-14,0,7,22017,0
22042120,22027,0,-701,0,-3,0,-4,0,7,22027,0
22052122,22037,0,-701,0,-10,0,-4,0,7,22037,0
22062118,22047,0,-701,0,3,0,-4,0,7,22047,0
22072118,22057,0,-701,0,-3,0,-14,0,7,22057,0
22082118,22067,0,-701,0,-18,0,-14,0,7,22067,0
22092128,22077,0,-701,0,-10,0,-14,0,7,22077,0
22102118,22087,0,-701,0,-3,0,-14,0,7,22087,0
22112121,22097,0,-701,0,-18,0,-4,0,7,22097,0
22122122,22107,0,-701,0,-3,0,-4,0,7,22107,0
22132119,22117,0,-701,0,3,0,-4,0,7,22117,0
22142118,22127,0,-701,0,-3,0,-14,0,7,22127,0
22152118,22137,0,-701,0,-3,0,-4,0,7,22137,0
22162129,22147,0,-701,0,-3,0,-4,0,7,22147,0
22172118,22157,0,-701,0,10,0,-4,0,7,22157,0
22182118,22167,0,-701,0,3,0,-14,0,7,22167,0
22192121,22177,0,-701,0,-25,0,-4,0,7,22177,0
22202118,22187,0,-701,0,-3,0,-14,0,7,22187,0
22212122,22197,0,-701,0,10,0,-4,0,7,22197,0
22222118,22207,0,-701,0,3,0,-4,0,7,22207,0
22232129,22217,0,-701,0,-10,0,-14,0,7,22217,0
22242118,22227,0,-701,0,3,0,-14,0,7,22227,0
22252118,22237,0,-701,0,-3,0,-14,0,7,22237,0
22262126,22247,0,-701,0,-18,0,-14,0,7,22247,0
22272117,22257,0,-701,0,3,0,-4,0,7,22257,0
22282120,22267,0,-701,0,3,0,-4,0,7,22267,0
22292118,22277,0,-701,0,-3,0,-14,0,7,22277,0
22302126,22287,0,-701,0,10,0,-14,0,7,22287,0
22312118,22297,0,-701,0,-3,0,-4,0,7,22297,0
22322118,22307,0,-701,0,-3,0,-4,0,7,22307,0
22332125,22317,0,-701,0,-10,0,-14,0,7,22317,0
22342118,22327,0,-701,0,-25,0,-4,0,7,22327,0
22352118,22337,0,-701,0,-10,0,-4,0,7,22337,0
22362118,22347,0,-701,0,-3,0,-14,0,7,22347,0
22372126,22357,0,-701,0,10,0,-14,0,7,22357,0
22382120,22367,0,-701,0,3,0,-4,0,7,22367,0
22392118,22377,0,-701,0,-10,0,-4,0,7,22377,0
22402125,22387,0,-701,0,-3,0,-14,0,7,22387,0
22412118,22397,0,-701,0,-10,0,-14,0,7,22397,0
22422117,22407,0,-701,0,10,0,-4,0,7,22407,0
22432118,22417,0,-701,0,3,0,-14,0,7,22417,0
22442126,22427,0,-701,0,3,0,-4,0,7,22427,0
22452122,22437,0,-701,0,3,0,-14,0,7,22437,0
22462118,22447,0,-701,0,-25,0,-14,0,7,22447,0
22472121,22457,0,-701,0,-25,0,-14,0,7,22457,0
22482118,22467,0,-701,0,3,0,-4,0,7,22467,0
22492118,22477,0,-701,0,-3,0,-14,0,7,22477,0
22502121,22487,0,-701,0,10,0,-4,0,7,22487,0
22512126,22497,0,-701,0,-3,0,-4,0,7,22497,0
22522120,22507,0,-701,0,10,0,-14,0,7,22507,0
22532119,22517,0,-701,0,10,0,-14,0,7,22517,0
22542122,22527,0,-701,0,-3,0,-4,0,7,22527,0
22552121,22537,0,-701,0,-3,0,-14,0,7,22537,0
22562118,22547,0,-701,0,-3,0,-14,0,7,22547,0
22572120,22557,0,-701,0,-18,0,-4,0,7,22557,0
22582126,22567,0,-701,0,3,0,-4,0,7,22567,0
22592118,22577,0,-701,0,-10,0,-14,0,7,22577,0
22602122,22587,0,-701,0,-3,0,-14,0,7,22587,0
22612122,22597,0,-701,0,-10,0,-14,0,7,22597,0
22622119,22607,0,-701,0,-3,0,-4,0,7,22607,0
22632119,22617,0,-701,0,-25,0,-4,0,7,22617,0
22642118,22627,0,-701,0,3,0,-14,0,7,22627,0
22652130,22637,0,-701,0,3,0,-4,0,7,22637,0
22662118,22647,0,-701,0,18,0,-14,0,7,22647,0
22672120,22657,0,-701,0,3,0,-14,0,7,22657,0
22682122,22667,0,-701,0,10,0,-4,0,7,22667,0
22692122,22677,0,-701,0,-10,0,-4,0,7,22677,0
22702118,22687,0,-701,0,-18,0,-4,0,7,22687,0
22712118,22697,0,-701,0,3,0,-4,0,7,22697,0
22722128,22707,0,-701,0,3,0,-4,0,7,22707,0
22732119,22717,0,-701,0,18,0,-4,0,7,22717,0
22742122,22727,0,-701,0,10,0,-4,0,7,22727,0
22752122,22737,0,-701,0,-18,0,-14,0,7,22737,0
22762117,22747,0,-701,0,-3,0,-14,0,7,22747,0
22772119,22757,0,-701,0,-3,0,-14,0,7,22757,0
22782118,22767,0,-701,0,-18,0,-4,0,7,22767,0
22792130,22777,0,-701,0,-10,0,-4,0,7,22777,0
22802118,22787,0,-701,0,-10,0,-14,0,7,22787,0
22812119,22797,0,-701,0,-3,0,-14,0,7,22797,0
22822122,22807,0,-701,0,-3,0,-4,0,7,22807,0
22832119,22817,0,-701,0,-3,0,-4,0,7,22817,0
22842122,22827,0,-701,0,-3,0,-4,0,7,22827,0
22852118,22837,0,-701,0,-3,0,-4,0,7,22837,0
22862128,22847,0,-701,0,-3,0,-4,0,7,22847,0
22872118,22857,0,-701,0,-3,0,-4,0,7,22857,0
22882118,22867,0,-701,0,-10,0,-14,0,7,22867,0
22892126,22877,0,-701,0,-3,0,-4,0,7,22877,0
22902118,22887,0,-701,0,-18,0,-14,0,7,22887,0
22912120,22897,0,-701,0,-3,0,-14,0,7,22897,0
22922118,22907,0,-701,0,-3,0,-14,0,7,22907,0
22932127,22917,0,-701,0,3,0,-4,0,7,22917,0
22942122,22927,0,-701,0,-10,0,-14,0,7,22927,0
22952118,22937,0,-701,0,3,0,-14,0,7,22937,0
22962124,22947,0,-701,0,-10,0,-4,0,7,22947,0
22972118,22957,0,-701,0,-10,0,-4,0,7,22957,0
22982122,22967,0,-701,0,3,0,-14,0,7,22967,0
22992118,22977,0,-701,0,-3,0,-14,0,7,22977,0
23002126,22987,0,-701,0,-10,0,-4,0,7,22987,0
23012120,22997,0,-701,0,-10,0,-4,0,7,22997,0
23022118,23007,0,-701,0,-10,0,-14,0,7,23007,0
23032127,23017,0,-701,0,-10,0,-4,0,7,23017,0
23042118,23027,0,-701,0,-10,0,-14,0,7,23027,0
23052117,23037,0,-701,0,-10,0,-14,0,7,23037,0
23062119,23047,0,-701,0,-3,0,-14,0,7,23047,0
23072126,23057,0,-701,0,-3,0,-14,0,7,23057,0
23082122,23067,0,-701,0,-3,0,-4,0,7,23067,0
23092118,23077,0,-701,0,-10,0,-14,0,7,23077,0
23102123,23087,0,-701,0,-18,0,-14,0,7,23087,0
23112118,23097,0,-701,0,3,0,-4,0,7,23097,0
23122118,23107,0,-701,0,-3,0,-4,0,7,23107,0
23132123,23117,0,-701,0,-10,0,-4,0,7,23117,0
23142126,23127,0,-701,0,-18,0,-4,0,7,23127,0
23152119,23137,0,-701,0,-3,0,-4,0,7,23137,0
23162118,23147,0,-701,0,-3,0,-14,0,7,23147,0
23172122,23157,0,-701,0,-18,0,-4,0,7,23157,0
23182122,23167,0,-701,0,3,0,-14,0,7,23167,0
23192118,23177,0,-701,0,-3,0,-14,0,7,23177,0
23202120,23187,0,-701,0,3,0,-14,0,7,23187,0
23212126,23197,0,-701,0,-10,0,-4,0,7,23197,0
23222118,23207,0,-701,0,3,0,-14,0,7,23207,0
23232123,23217,0,-701,0,-10,0,-14,0,7,23217,0
23242122,23227,0,-701,0,3,0,-4,0,7,23227,0
23252120,23237,0,-701,0,-3,0,-14,0,7,23237,0
23262118,23247,0,-701,0,3,0,-14,0,7,23247,0
23272118,23257,0,-701,0,3,0,-4,0,7,23257,0
23282126,23267,0,-701,0,3,0,-4,0,7,23267,0
23292118,23277,0,-701,0,10,0,4,0,7,23277,0
23302120,23287,0,-701,0,-3,0,-4,0,7,23287,0
23312122,23297,0,-701,0,3,0,-4,0,7,23297,0
23322118,23307,0,-701,0,3,0,-14,0,7,23307,0
23332119,23317,0,-701,0,-18,0,-4,0,7,23317,0
23342118,23327,0,-701,0,-10,0,-4,0,7,23327,0
23352128,23337,0,-701,0,3,0,-4,0,7,23337,0
23362118,23347,0,-701,0,-3,0,-4,0,7,23347,0
23372121,23357,0,-701,0,3,0,-4,0,7,23357,0
23382121,23367,0,-701,0,3,0,-4,0,7,23367,0
23392118,23377,0,-701,0,-3,0,-4,0,7,23377,0
23402118,23387,0,-701,0,-3,0,-14,0,7,23387,0
23412118,23397,0,-701,0,3,0,-14,0,7,23397,0
23422130,23407,0,-701,0,-10,0,-4,0,7,23407,0
23432119,23417,0,-701,0,-3,0,-4,0,7,23417,0
23442118,23427,0,-701,0,18,0,-14,0,7,23427,0
23452122,23437,0,-701,0,-3,0,-14,0,7,23437,0
23462118,23447,0,-701,0,-3,0,-4,0,7,23447,0
23472122,23457,0,-701,0,-10,0,-14,0,7,23457,0
23482117,23467,0,-701,0,-10,0,-4,0,7,23467,0
23492128,23477,0,-701,0,-18,0,-4,0,7,23477,0
23502119,23487,0,-701,0,-10,0,-4,0,7,23487,0
23512118,23497,0,-701,0,-10,0,-4,0,7,23497,0
23522126,23507,0,-701,0,-3,0,-14,0,7,23507,0
23532119,23517,0,-701,0,-3,0,-14,0,7,23517,0
23542119,23527,0,-701,0,-10,0,-4,0,7,23527,0
23552118,23537,0,-701,0,3,0,-14,0,7,23537,0
23562126,23547,0,-701,0,-18,0,-14,0,7,23547,0
23572118,23557,0,-701,0,-10,0,-14,0,7,23557,0
23582117,23567,0,-701,0,-3,0,-14,0,7,23567,0
23592123,23577,0,-701,0,-3,0,-14,0,7,23577,0
23602118,23587,0,-701,0,-10,0,-14,0,7,23587,0
23612118,23597,0,-701,0,-18,0,-4,0,7,23597,0
23622118,23607,0,-701,0,-3,0,-14,0,7,23607,0
23632127,23617,0,-701,0,-3,0,-4,0,7,23617,0
23642120,23627,0,-701,0,-10,0,-14,0,7,23627,0
23652118,23637,0,-701,0,-18,0,-14,0,7,23637,0
23662125,23647,0,-701,0,-3,0,-14,0,7,23647,0
23672118,23657,0,-701,0,-3,0,-14,0,7,23657,0
23682118,23667,0,-701,0,-3,0,-4,0,7,23667,0
23692118,23677,0,-701,0,-10,0,-4,0,7,23677,0
23702126,23687,0,-701,0,-3,0,-14,0,7,23687,0
23712122,23697,0,-701,0,-10,0,-14,0,7,23697,0
23722118,23707,0,-701,0,-3,0,-14,0,7,23707,0
23732123,23717,0,-701,0,3,0,-4,0,7,23717,0
23742118,23727,0,-701,0,-18,0,-14,0,7,23727,0
23752118,23737,0,-701,0,-10,0,-4,0,7,23737,0
23762121,23747,0,-701,0,3,0,-4,0,7,23747,0
23772126,23757,0,-701,0,-3,0,-4,0,7,23757,0
23782120,23767,0,-701,0,-3,0,-14,0,7,23767,0
23792118,23777,0,-701,0,3,0,-14,0,7,23777,0
23802122,23787,0,-701,0,-3,0,-14,0,7,23787,0
23812122,23797,0,-701,0,-3,0,-14,0,7,23797,0
23822118,23807,0,-701,0,10,0,-4,0,7,23807,0
23832121,23817,0,-701,0,-10,0,-14,0,7,23817,0
23842126,23827,0,-701,0,-10,0,-14,0,7,23827,0
23852118,23837,0,-701,0,-3,0,-4,0,7,23837,0
23862118,23847,0,-701,0,-3,0,-14,0,7,23847,0
23872122,23857,0,-701,0,-3,0,-14,0,7,23857,0
23882119,23867,0,-701,0,-3,0,4,0,7,23867,0
23892118,23877,0,-701,0,-25,0,-4,0,7,23877,0
23902119,23887,0,-701,0,-10,0,-4,0,7,23887,0
23912126,23897,0,-701,0,3,0,-4,0,7,23897,0
23922118,23907,0,-701,0,-3,0,-14,0,7,23907,0
23932121,23917,0,-701,0,10,0,-4,0,7,23917,0
23942122,23927,0,-701,0,3,0,-14,0,7,23927,0
23952121,23937,0,-701,0,3,0,-4,0,7,23937,0
23962118,23947,0,-701,0,-18,0,-14,0,7,23947,0
23972117,23957,0,-701,0,10,0,-4,0,7,23957,0
23982126,23967,0,-701,0,-3,0,-4,0,7,23967,0
23992118,23977,0,-701,0,-10,0,-4,0,7,23977,0
24002122,23987,0,-701,0,3,0,-4,0,7,23987,0
24012122,23997,0,-701,0,3,0,-4,0,7,23997,0
24022118,24007,0,-701,0,-3,0,-4,0,7,24007,0
24032119,24017,0,-701,0,10,0,-14,0,7,24017,0
24042118,24027,0,-701,0,-3,0,-4,0,7,24027,0
24052130,24037,0,-701,0,-3,0,-14,0,7,24037,0
24062118,24047,0,-701,0,-3,0,-4,0,7,24047,0
24072120,24057,0,-701,0,-3,0,-4,0,7,24057,0
24082122,24067,0,-701,0,-10,0,-14,0,7,24067,0
24092118,24077,0,-701,0,3,0,-14,0,7,24077,0
24102122,24087,0,-701,0,-10,0,-14,0,7,24087,0
24112118,24097,0,-701,0,-10,0,-4,0,7,24097,0
24122128,24107,0,-701,0,3,0,-14,0,7,24107,0
24132119,24117,0,-701,0,-10,0,-4,0,7,24117,0
24142118,24127,0,-701,0,-18,0,-14,0,7,24127,0
24152121,24137,0,-701,0,-10,0,-4,0,7,24137,0
24162118,24147,0,-701,0,-10,0,-4,0,7,24147,0
24172120,24157,0,-701,0,-3,0,-14,0,7,24157,0
24182118,24167,0,-701,0,-18,0,-14,0,7,24167,0
24192126,24177,0,-701,0,3,0,-14,0,7,24177,0
24202118,24187,0,-701,0,-10,0,-14,0,7,24187,0
24212118,24197,0,-701,0,-3,0,-14,0,7,24197,0
24222124,24207,0,-701,0,3,0,-24,0,7,24207,0
24232119,24217,0,-701,0,-10,0,-14,0,7,24217,0
24242121,24227,0,-701,0,-3,0,-14,0,7,24227,0
24252118,24237,0,-701,0,10,0,-4,0,7,24237,0
24262126,24247,0,-701,0,10,0,-4,0,7,24247,0
24272118,24257,0,-701,0,-10,0,-4,0,7,24257,0
24282118,24267,0,-701,0,-3,0,-14,0,7,24267,0
24292125,24277,0,-701,0,-3,0,-4,0,7,24277,0
24302118,24287,0,-701,0,-3,0,-4,0,7,24287,0
24312118,24297,0,-701,0,-25,0,-4,0,7,24297,0
24322118,24307,0,-701,0,-3,0,-4,0,7,24307,0
24332127,24317,0,-701,0,-10,0,-14,0,7,24317,0
24342122,24327,0,-701,0,-3,0,-14,0,7,24327,0
24352118,24337,0,-701,0,-25,0,-14,0,7,24337,0
24362124,24347,0,-701,0,-18,0,-14,0,7,24347,0
24372118,24357,0,-701,0,-10,0,-14,0,7,24357,0
24382118,24367,0,-701,0,3,0,-14,0,7,24367,0
24392121,24377,0,-701,0,3,0,-4,0,7,24377,0
24402126,24387,0,-701,0,10,0,-24,0,7,24387,0
24412120,24397,0,-701,0,-3,0,-4,0,7,24397,0
24422119,24407,0,-701,0,-3,0,-14,0,7,24407,0
24432123,24417,0,-701,0,-3,0,-14,0,7,24417,0
24442118,24427,0,-701,0,-18,0,-14,0,7,24427,0
24452118,24437,0,-701,0,10,0,-14,0,7,24437,0
24462120,24447,0,-701,0,-3,0,-4,0,7,24447,0
24472126,24457,0,-701,0,-10,0,-4,0,7,24457,0
24482118,24467,0,-701,0,-3,0,-14,0,7,24467,0
24492118,24477,0,-701,0,-3,0,-4,0,7,24477,0
24502122,24487,0,-701,0,3,0,4,0,7,24487,0
24512120,24497,0,-701,0,-3,0,-4,0,7,24497,0
24522118,24507,0,-701,0,3,0,-4,0,7,24507,0
24532122,24517,0,-701,0,3,0,-4,0,7,24517,0
24542126,24527,0,-701,0,-3,0,-4,0,7,24527,0
24552118,24537,0,-701,0,-3,0,-4,0,7,24537,0
24562118,24547,0,-701,0,-3,0,-14,0,7,24547,0
24572122,24557,0,-701,0,3,0,-4,0,7,24557,0
24582121,24567,0,-701,0,-10,0,-14,0,7,24567,0
24592118,24577,0,-701,0,-3,0,-14,0,7,24577,0
24602118,24587,0,-701,0,3,0,-4,0,7,24587,0
24612126,24597,0,-701,0,-3,0,-4,0,7,24597,0
24622118,24607,0,-701,0,-10,0,-4,0,7,24607,0
24632123,24617,0,-701,0,-3,0,-14,0,7,24617,0
24642122,24627,0,-701,0,-10,0,-14,0,7,24627,0
24652120,24637,0,-701,0,10,0,-14,0,7,24637,0
24662118,24647,0,-701,0,-18,0,-4,0,7,24647,0
24672118,24657,0,-701,0,-3,0,-14,0,7,24657,0
24682130,24667,0,-701,0,-3,0,-14,0,7,24667,0
24692118,24677,0,-701,0,3,0,-14,0,7,24677,0
24702120,24687,0,-701,0,10,0,-14,0,7,24687,0
24712122,24697,0,-701,0,-3,0,-14,0,7,24697,0
24722118,24707,0,-701,0,10,0,-14,0,7,24707,0
24732123,24717,0,-701,0,-10,0,-14,0,7,24717,0
24742118,24727,0,-701,0,-3,0,-4,0,7,24727,0
24752129,24737,0,-701,0,3,0,-14,0,7,24737,0
24762118,24747,0,-701,0,3,0,-14,0,7,24747,0
24772118,24757,0,-701,0,-3,0,-4,0,7,24757,0
24782125,24767,0,-701,0,-18,0,-14,0,7,24767,0
24792118,24777,0,-701,0,3,0,-4,0,7,24777,0
24802120,24787,0,-701,0,-3,0,-4,0,7,24787,0
24812118,24797,0,-701,0,-3,0,-4,0,7,24797,0
24822130,24807,0,-701,0,-3,0,-4,0,7,24807,0
24832119,24817,0,-701,0,-10,0,-14,0,7,24817,0
24842118,24827,0,-701,0,3,0,-14,0,7,24827,0
24852124,24837,0,-701,0,3,0,-14,0,7,24837,0
24862118,24847,0,-701,0,-3,0,-4,0,7,24847,0
24872122,24857,0,-701,0,-3,0,-4,0,7,24857,0
24882118,24867,0,-701,0,-3,0,-14,0,7,24867,0
24892126,24877,0,-701,0,3,0,-14,0,7,24877,0
24902118,24887,0,-701,0,-3,0,-4,0,7,24887,0
24912118,24897,0,-701,0,-3,0,-4,0,7,24897,0
24922125,24907,0,-701,0,-3,0,-4,0,7,24907,0
24932119,24917,0,-701,0,-3,0,-14,0,7,24917,0
24942120,24927,0,-701,0,-10,0,-14,0,7,24927,0
24952118,24937,0,-701,0,-18,0,-4,0,7,24937,0
24962126,24947,0,-701,0,-3,0,-24,0,7,24947,0
24972122,24957,0,-701,0,10,0,-14,0,7,24957,0
24982118,24967,0,-701,0,3,0,-14,0,7,24967,0
24992123,24977,0,-701,0,-3,0,-14,0,7,24977,0
25002118,24987,0,-701,0,-3,0,-14,0,7,24987,0
25012118,24997,0,-701,0,-10,0,-14,0,7,24997,0
25022121,25007,0,-701,0,3,0,-4,0,7,25007,0
25032127,25017,0,-701,0,-3,0,-4,0,7,25017,0
25042120,25027,0,-701,0,-3,0,-14,0,7,25027,0
25052118,25037,0,-701,0,3,0,-4,0,7,25037,0
25062122,25047,0,-701,0,-18,0,-4,0,7,25047,0
25072122,25057,0,-701,0,-3,0,-4,0,7,25057,0
25082118,25067,0,-701,0,10,0,-14,0,7,25067,0
25092120,25077,0,-701,0,-3,0,-4,0,7,25077,0
25102126,25087,0,-701,0,3,0,-4,0,7,25087,0
25112122,25097,0,-701,0,-10,0,-4,0,7,25097,0
25122118,25107,0,-701,0,18,0,-14,0,7,25107,0
25132123,25117,0,-701,0,-10,0,-14,0,7,25117,0
25142120,25127,0,-701,0,-10,0,-14,0,7,25127,0
25152118,25137,0,-701,0,-10,0,-14,0,7,25137,0
25162121,25147,0,-701,0,3,0,-4,0,7,25147,0
25172126,25157,0,-701,0,-3,0,-14,0,7,25157,0
25182118,25167,0,-701,0,-3,0,-4,0,7,25167,0
25192120,25177,0,-701,0,3,0,-14,0,7,25177,0
25202122,25187,0,-701,0,3,0,-14,0,7,25187,0
25212121,25197,0,-701,0,-3,0,-14,0,7,25197,0
25222118,25207,0,-701,0,3,0,-4,0,7,25207,0
25232121,25217,0,-701,0,-3,0,-4,0,7,25217,0
25242126,25227,0,-701,0,-3,0,-4,0,7,25227,0
25252118,25237,0,-701,0,-3,0,-4,0,7,25237,0
25262122,25247,0,-701,0,-3,0,-4,0,7,25247,0
25272122,25257,0,-701,0,-3,0,-4,0,7,25257,0
25282120,25267,0,-701,0,-18,0,-14,0,7,25267,0
25292118,25277,0,-701,0,-3,0,-4,0,7,25277,0
25302119,25287,0,-701,0,-18,0,-4,0,7,25287,0
25312130,25297,0,-701,0,-10,0,-14,0,7,25297,0
25322118,25307,0,-701,0,-10,0,-4,0,7,25307,0
25332121,25317,0,-701,0,-3,0,-4,0,7,25317,0
25342122,25327,0,-701,0,3,0,-14,0,7,25327,0
25352118,25337,0,-701,0,-3,0,-14,0,7,25337,0
25362122,25347,0,-701,0,-3,0,-4,0,7,25347,0
25372118,25357,0,-701,0,-3,0,-14,0,7,25357,0
25382128,25367,0,-701,0,-3,0,-4,0,7,25367,0
25392118,25377,0,-701,0,-10,0,-4,0,7,25377,0
25402119,25387,0,-701,0,-18,0,-4,0,7,25387,0
25412122,25397,0,-701,0,3,0,-14,0,7,25397,0
25422118,25407,0,-701,0,10,0,4,0,7,25407,0
25432121,25417,0,-701,0,3,0,-4,0,7,25417,0
25442119,25427,0,-701,0,-10,0,-14,0,7,25427,0
25452128,25437,0,-701,0,-3,0,-4,0,7,25437,0
25462118,25447,0,-701,0,-3,0,4,0,7,25447,0
25472119,25457,0,-701,0,3,0,4,0,7,25457,0
25482124,25467,0,-701,0,3,0,4,0,7,25467,0
25492119,25477,0,-701,0,-10,0,-14,0,7,25477,0
25502121,25487,1,-701,0,18,140,14,400,7,25487,0
25512118,25497,1,-701,0,3,342,122,402,7,25497,0
25522125,25507,1,-701,0,10,544,278,403,7,25507,0
25532119,25517,1,-701,0,-3,746,463,404,7,25517,0
25542118,25527,1,-701,0,-10,949,678,405,7,25527,0
25552125,25537,1,-701,0,-10,1151,893,406,7,25537,0
25562118,25547,1,-701,0,3,1353,1118,408,7,25547,0
25572118,25557,1,-701,0,10,1555,1343,409,7,25557,0
25582118,25567,1,-701,0,3,1757,1557,410,7,25567,0
25592126,25577,1,-701,0,3,1958,1772,411,7,25577,0
25602122,25587,1,-701,0,-10,2158,1968,412,7,25587,0
25612118,25597,1,-701,0,3,2357,2183,414,7,25597,0
25622123,25607,1,-701,0,3,2556,2378,415,7,25607,0
25632119,25617,1,-701,0,-3,2753,2583,416,7,25617,0
25642118,25627,1,-701,0,10,2949,2769,417,7,25627,0
25652121,25637,1,-701,0,3,3143,2974,418,7,25637,0
25662126,25647,1,-701,0,-3,3336,3159,420,7,25647,0
25672120,25657,1,-700,0,10,3527,3355,421,7,25657,0
25682118,25667,1,-700,0,10,3716,3550,422,7,25667,0
25692122,25677,1,-700,0,-3,3903,3736,423,7,25677,0
25702118,25687,1,-700,0,3,4088,3921,424,7,25687,0
25712118,25697,1,-700,0,10,4270,4107,426,7,25697,0
25722119,25707,1,-700,0,3,4450,4283,427,7,25707,0
25732127,25717,1,-700,0,32,4627,4459,428,7,25717,0
25742118,25727,1,-699,0,62,4801,4644,429,7,25727,0
25752118,25737,1,-699,0,47,4972,4820,430,7,25737,0
25762121,25747,1,-698,0,47,5140,5006,432,7,25747,0
25772120,25757,1,-698,0,32,5305,5152,433,7,25757,0
25782118,25767,1,-697,0,76,5466,5269,434,7,25767,0
25792121,25777,1,-696,0,128,5624,5406,435,7,25777,0
25802126,25787,1,-695,0,69,5778,5621,436,7,25787,0
25812117,25797,1,-694,0,164,5928,5719,438,7,25797,0
25822118,25807,1,-692,0,98,6073,6041,439,7,25807,0
25832123,25817,1,-690,0,223,6215,5924,440,7,25817,0
25842122,25827,1,-688,0,208,6352,6129,441,7,25827,0
25852117,25837,1,-686,0,194,6485,6471,442,7,25837,0
25862117,25847,1,-683,0,245,6613,6539,444,7,25847,0
25872126,25857,1,-680,0,260,6736,6705,445,7,25857,0
25882118,25867,1,-677,0,318,6854,6764,446,7,25867,0
25892121,25877,1,-674,0,369,6967,6822,447,7,25877,0
25902122,25887,1,-670,0,377,7075,6979,448,7,25887,0
25912119,25897,1,-665,0,443,7178,6979,450,7,25897,0
25922118,25907,1,-661,0,435,7275,7115,451,7,25907,0
25932119,25917,1,-656,0,443,7366,7233,452,7,25917,0
25942130,25927,1,-651,0,509,7452,7291,453,7,25927,0
25952118,25937,1,-645,0,567,7532,7399,454,7,25937,0
25962120,25947,1,-639,0,611,7606,7516,456,7,25947,0
25972122,25957,1,-632,0,633,7674,7594,457,7,25957,0
25982118,25967,1,-625,0,706,7736,7623,458,7,25967,0
25992117,25977,1,-618,0,706,7791,7663,459,7,25977,0
26002118,25987,1,-611,0,758,7841,7711,460,7,25987,0
26012128,25997,1,-602,0,838,7883,7789,462,7,25997,0
26022118,26007,1,-593,0,853,7919,7868,463,7,26007,0
26032119,26017,1,-585,0,904,7949,7858,464,7,26017,0
26042121,26027,1,-576,0,890,7972,7907,465,7,26027,0
26052117,26037,1,-566,0,963,7988,7858,466,7,26037,0
26062119,26047,1,-556,0,985,7997,7926,468,7,26047,0
26072118,26057,1,-545,0,1058,7999,7887,469,7,26057,0
26082129,26067,1,-535,0,1065,7995,7965,470,7,26067,0
26092118,26077,1,-524,0,1102,7983,7936,471,7,26077,0
26102118,26087,1,-512,0,1183,7964,7829,472,7,26087,0
26112122,26097,1,-500,0,1227,7939,7926,474,7,26097,0
26122118,26107,1,-488,0,1212,7906,7936,475,7,26107,0
26132122,26117,1,-475,0,1278,7866,7770,476,7,26117,0
26142118,26127,1,-461,0,1322,7819,7838,477,7,26127,0
26152125,26137,1,-448,0,1315,7764,7760,478,7,26137,0
26162118,26147,1,-435,0,1358,7703,7643,480,7,26147,0
26172118,26157,1,-420,0,1446,7634,7692,481,7,26157,0
26182125,26167,1,-406,0,1439,7558,7633,482,7,26167,0
26192118,26177,1,-391,0,1476,7475,7418,483,7,26177,0
26202120,26187,1,-376,0,1520,7385,7409,484,7,26187,0
26212118,26197,1,-360,0,1534,7288,7389,486,7,26197,0
26222126,26207,1,-345,0,1578,7183,7125,487,7,26207,0
26232123,26217,1,-328,0,1637,7072,7155,488,7,26217,0
26242118,26227,1,-312,0,1615,6954,7037,489,7,26227,0
26252123,26237,1,-295,0,1688,6829,6774,490,7,26237,0
26262118,26247,1,-278,0,1703,6697,6774,492,7,26247,0
26272118,26257,1,-262,0,1673,6559,6656,493,7,26257,0
26282118,26267,1,-244,0,1761,6413,6539,494,7,26267,0
26292126,26277,1,-226,0,1747,6261,6481,495,7,26277,0
26302120,26287,1,-208,0,1835,6103,6090,496,7,26287,0
26312118,26297,1,-190,0,1849,5939,6100,498,7,26297,0
26322122,26307,1,-172,0,1827,5768,5777,499,7,26307,0
26332118,26317,1,-153,0,1893,5591,5699,500,7,26317,0
26342117,26327,1,-134,0,1857,5408,5582,501,7,26327,0
26352120,26337,1,-115,0,1945,5219,5299,502,7,26337,0
26362126,26347,1,-96,0,1901,5025,5201,504,7,26347,0
26372121,26357,1,-76,0,1967,4825,4761,505,7,26357,0
26382118,26367,1,-57,0,1952,4620,4820,506,7,26367,0
26392121,26377,1,-37,0,1967,4410,4429,507,7,26377,0
26402118,26387,1,-18,0,1974,4194,4410,508,7,26387,0
26412118,26397,1,1,0,1937,3974,4126,510,7,26397,0
26422121,26407,1,22,0,2032,3749,3921,511,7,26407,0
26432126,26417,1,41,0,1974,3520,3736,512,7,26417,0
26442118,26427,1,62,0,2047,3287,3413,513,7,26427,0
26452118,26437,1,81,0,1981,3050,3306,514,7,26437,0
26462122,26447,1,102,0,2062,2808,2905,516,7,26447,0
26472122,26457,1,122,0,1996,2564,2827,517,7,26457,0
26482118,26467,1,142,0,2062,2316,2407,518,7,26467,0
26492120,26477,1,162,0,2003,2065,2349,519,7,26477,0
26502126,26487,1,183,0,2010,1811,1919,520,7,26487,0
26512118,26497,1,203,0,2003,1555,1899,522,7,26497,0
26522122,26507,1,223,0,1989,1297,1479,523,7,26507,0
26532122,26517,1,243,0,2003,1036,1352,524,7,26517,0
26542119,26527,1,262,0,1930,774,1040,525,7,26527,0
26552118,26537,1,282,0,2010,510,698,526,7,26537,0
26562118,26547,1,302,0,1915,246,639,528,7,26547,0
26572126,26557,1,320,0,1849,-19,366,529,7,26557,0
26582118,26567,1,338,0,1805,-285,92,530,7,26567,0
26592120,26577,1,357,0,1871,-552,-112,531,7,26577,0
26602122,26587,1,376,0,1893,-819,-415,532,7,26587,0
26612118,26597,1,395,0,1835,-1085,-688,534,7,26597,0
26622118,26607,1,413,0,1813,-1350,-1020,535,7,26607,0
26632118,26617,1,430,0,1761,-1615,-1313,536,7,26617,0
26642128,26627,1,448,0,1725,-1879,-1606,537,7,26627,0
26652118,26637,1,465,0,1732,-2140,-1968,538,7,26637,0
26662122,26647,1,482,0,1725,-2400,-2192,540,7,26647,0
26672122,26657,1,499,0,1673,-2658,-2485,541,7,26657,0
26682118,26667,1,516,0,1659,-2913,-2661,542,7,26667,0
26692118,26677,1,532,0,1600,-3166,-2876,543,7,26677,0
26702118,26687,1,548,0,1593,-3415,-3189,544,7,26687,0
26712130,26697,1,563,0,1549,-3661,-3384,546,7,26697,0
26722118,26707,1,578,0,1498,-3903,-3628,547,7,26707,0
26732118,26717,1,593,0,1461,-4141,-3951,548,7,26717,0
26742122,26727,1,608,0,1417,-4375,-4087,549,7,26727,0
26752118,26737,1,621,0,1388,-4604,-4351,550,7,26737,0
26762122,26747,1,635,0,1358,-4827,-4625,552,7,26747,0
26772118,26757,1,648,0,1271,-5046,-4810,553,7,26757,0
26782128,26767,1,660,0,1234,-5259,-5006,554,7,26767,0
26792118,26777,1,672,0,1175,-5466,-5260,555,7,26777,0
26802118,26787,1,683,0,1153,-5667,-5396,556,7,26787,0
26812125,26797,1,694,0,1109,-5861,-5621,558,7,26797,0
26822117,26807,1,704,0,992,-6048,-5826,559,7,26807,0
26832121,26817,1,714,0,978,-6229,-6070,560,7,26817,0
26842118,26827,1,723,0,904,-6402,-6168,561,7,26827,0
26852126,26837,1,732,0,890,-6567,-6354,562,7,26837,0
26862118,26847,1,740,0,787,-6725,-6500,564,7,26847,0
26872118,26857,1,748,0,721,-6874,-6725,565,7,26857,0
26882124,26867,1,754,0,663,-7015,-6783,566,7,26867,0
26892118,26877,1,761,0,604,-7148,-6930,567,7,26877,0
26902118,26887,1,766,0,523,-7271,-7057,568,7,26887,0
26912117,26897,1,771,0,487,-7386,-7135,570,7,26897,0
26922126,26907,1,776,0,413,-7492,-7330,571,7,26907,0
26932121,26917,1,779,0,362,-7587,-7330,572,7,26917,0
26942118,26927,1,782,0,296,-7674,-7545,573,7,26927,0
26952126,26937,1,785,0,223,-7750,-7604,574,7,26937,0
26962118,26947,1,787,0,150,-7817,-7653,576,7,26947,0
26972118,26957,1,788,0,142,-7873,-7741,577,7,26957,0
26982118,26967,1,788,0,40,-7919,-7770,578,7,26967,0
26992126,26977,1,788,0,-10,-7955,-7877,579,7,26977,0
27002122,26987,1,788,0,-54,-7981,-7897,580,7,26987,0
27012118,26997,1,787,0,-106,-7995,-7936,582,7,26997,0
27022121,27007,1,785,0,-120,-7999,-8034,583,7,27007,0
27032118,27017,1,784,0,-201,-7993,-7819,584,7,27017,0
27042118,27027,1,782,0,-216,-7975,-7868,585,7,27027,0
27052122,27037,1,779,0,-216,-7947,-8024,586,7,27037,0
27062126,27047,1,776,0,-304,-7908,-7926,588,7,27047,0
27072119,27057,1,772,0,-340,-7858,-7838,589,7,27057,0
27082118,27067,1,769,0,-399,-7797,-7868,590,7,27067,0
27092122,27077,1,764,0,-428,-7725,-7702,591,7,27077,0
27102122,27087,1,760,0,-465,-7642,-7672,592,7,27087,0
27112118,27097,1,754,0,-509,-7549,-7584,594,7,27097,0
27122120,27107,1,749,0,-531,-7445,-7496,595,7,27107,0
27132127,27117,1,743,0,-567,-7330,-7428,596,7,27117,0
27142118,27127,1,737,0,-604,-7205,-7311,597,7,27127,0
27152122,27137,1,730,0,-670,-7069,-7135,598,7,27137,0
27162122,27147,1,723,0,-721,-6923,-7008,600,7,27147,0
27172120,27157,1,716,0,-743,-6767,-6822,601,7,27157,0
27182118,27167,1,708,0,-772,-6601,-6705,602,7,27167,0
27192118,27177,1,700,0,-824,-6425,-6568,603,7,27177,0
27202130,27187,1,692,0,-838,-6239,-6363,604,7,27187,0
27212118,27197,1,683,0,-860,-6044,-6178,606,7,27197,0
27222120,27207,1,674,0,-926,-5840,-5963,607,7,27207,0
27232123,27217,1,664,0,-926,-5627,-5807,608,7,27217,0
27242122,27227,1,655,0,-948,-5405,-5562,609,7,27227,0
27252118,27237,1,645,0,-992,-5175,-5289,610,7,27237,0
27262118,27247,1,635,0,-1029,-4937,-5103,612,7,27247,0
27272128,27257,1,624,0,-1043,-4691,-4888,613,7,27257,0
27282118,27267,1,614,0,-1051,-4438,-4625,614,7,27267,0
27292122,27277,1,604,0,-1065,-4177,-4400,615,7,27277,0
27302122,27287,1,593,0,-1080,-3910,-4117,616,7,27287,0
27312118,27297,1,582,0,-1095,-3637,-3892,618,7,27297,0
27322119,27307,1,571,0,-1102,-3357,-3589,619,7,27307,0
27332119,27317,1,560,0,-1095,-3072,-3316,620,7,27317,0
27342129,27327,1,548,0,-1153,-2781,-3023,621,7,27327,0
27352118,27337,1,537,0,-1139,-2486,-2749,622,7,27337,0
27362119,27347,1,526,0,-1131,-2186,-2485,624,7,27347,0
27372122,27357,1,515,0,-1131,-1883,-2124,625,7,27357,0
27382118,27367,1,504,0,-1139,-1576,-1880,626,7,27367,0
27392121,27377,1,492,0,-1146,-1265,-1509,627,7,27377,0
27402118,27387,1,481,0,-1102,-953,-1294,628,7,27387,0
27412127,27397,1,470,0,-1102,-638,-923,630,7,27397,0
27422118,27407,1,459,0,-1095,-321,-659,631,7,27407,0
27432119,27417,1,448,0,-1109,-4,-376,632,7,27417,0
27442125,27427,1,438,0,-992,313,-239,633,7,27427,0
27452118,27437,1,429,0,-978,631,102,634,7,27437,0
27462119,27447,1,418,0,-1007,949,405,636,7,27447,0
27472118,27457,1,409,0,-963,1266,884,637,7,27457,0
27482126,27467,1,400,0,-948,1582,1186,638,7,27467,0
27492122,27477,1,390,0,-963,1895,1606,639,7,27477,0
27502118,27487,1,381,0,-934,2206,1929,640,7,27487,0
27512123,27497,1,371,0,-926,2514,2183,642,7,27497,0
27522118,27507,1,362,0,-890,2819,2544,643,7,27507,0
27532120,27517,1,354,0,-904,3119,2886,644,7,27517,0
27542118,27527,1,345,0,-846,3415,3062,645,7,27527,0
27552126,27537,1,337,0,-802,3706,3423,646,7,27537,0
27562120,27547,1,330,0,-736,3991,3677,648,7,27547,0
27572118,27557,1,323,0,-714,4270,3970,649,7,27557,0
27582124,27567,1,315,0,-728,4543,4253,650,7,27567,0
27592118,27577,1,309,0,-663,4808,4586,651,7,27577,0
27602118,27587,1,303,0,-597,5066,4781,652,7,27587,0
27612120,27597,1,298,0,-538,5316,5035,654,7,27597,0
27622126,27607,1,293,0,-479,5558,5318,655,7,27607,0
27632123,27617,1,288,0,-457,5790,5474,656,7,27617,0
27642118,27627,1,284,0,-421,6013,5748,657,7,27627,0
27652121,27637,1,280,0,-355,6226,5943,658,7,27637,0
27662118,27647,1,277,0,-304,6428,6119,660,7,27647,0
27672118,27657,1,275,0,-230,6620,6334,661,7,27657,0
27682121,27667,1,273,0,-164,6801,6412,662,7,27667,0
27692126,27677,1,271,0,-142,6971,6783,663,7,27677,0
27702118,27687,1,271,0,-62,7129,6891,664,7,27687,0
27712118,27697,1,271,0,-3,7274,7076,666,7,27697,0
27722122,27707,1,271,0,18,7407,7223,667,7,27707,0
27732122,27717,1,271,0,54,7527,7330,668,7,27717,0
27742118,27727,1,273,0,135,7634,7438,669,7,27727,0
27752120,27737,1,274,0,142,7728,7575,670,7,27737,0
27762126,27747,1,276,0,208,7809,7789,672,7,27747,0
27772118,27757,1,278,0,245,7875,7633,673,7,27757,0
27782122,27767,1,281,0,311,7927,7692,674,7,27767,0
27792122,27777,1,284,0,333,7966,7741,675,7,27777,0
27802120,27787,1,288,0,362,7990,7926,676,7,27787,0
27812118,27797,1,292,0,384,7999,7887,678,7,27797,0
27822118,27807,1,296,0,428,7994,7868,679,7,27807,0
27832127,27817,1,301,0,487,7975,7926,680,7,27817,0
27842118,27827,1,306,0,531,7941,7956,681,7,27827,0
27852119,27837,1,312,0,582,7892,7858,682,7,27837,0
27862122,27847,1,318,0,604,7829,7819,684,7,27847,0
27872118,27857,1,325,0,670,7751,7799,685,7,27857,0
27882118,27867,1,332,0,677,7658,7663,686,7,27867,0
27892118,27877,1,339,0,736,7551,7604,687,7,27877,0
27902128,27887,1,346,0,765,7430,7477,688,7,27887,0
27912118,27897,1,355,0,831,7295,7321,690,7,27897,0
27922122,27907,1,363,0,875,7145,7203,691,7,27907,0
27932123,27917,1,372,0,904,6982,7096,692,7,27917,0
27942118,27927,1,381,0,890,6806,6891,693,7,27927,0
27952118,27937,1,391,0,941,6616,6686,694,7,27937,0
27962118,27947,1,400,0,985,6413,6442,696,7,27947,0
27972130,27957,1,411,0,1014,6198,6334,697,7,27957,0
27982118,27967,1,422,0,1058,5970,6109,698,7,27967,0
27992118,27977,1,432,0,1058,5731,5865,699,7,27977,0
28002122,27987,1,443,0,1117,5480,5601,700,7,27987,0
28012118,27997,1,455,0,1124,5218,5396,702,7,27997,0
28022121,28007,1,466,0,1117,4945,5221,703,7,28007,0
28032119,28017,1,477,0,1139,4662,4840,704,7,28017,0
28042128,28027,1,489,0,1183,4369,4556,705,7,28027,0
28052118,28037,1,501,0,1212,4068,4253,706,7,28037,0
28062118,28047,1,513,0,1175,3758,4048,708,7,28047,0
28072125,28057,1,525,0,1197,3440,3648,709,7,28057,0
28082118,28067,1,537,0,1256,3114,3306,710,7,28067,0
28092120,28077,1,550,0,1227,2782,3091,711,7,28077,0
28102118,28087,1,562,0,1227,2444,2739,712,7,28087,0
28112126,28097,1,574,0,1241,2100,2329,714,7,28097,0
28122118,28107,1,587,0,1227,1752,2105,715,7,28107,0
28132119,28117,1,599,0,1219,1399,1704,716,7,28117,0
28142123,28127,1,611,0,1183,1042,1382,717,7,28127,0
28152118,28137,1,623,0,1249,684,932,718,7,28137,0
28162118,28147,1,636,0,1212,323,698,720,7,28147,0
28172118,28157,1,647,0,1146,-38,444,721,7,28157,0
28182126,28167,1,657,0,1021,-401,210,722,7,28167,0
28192120,28177,1,669,0,1168,-763,-249,723,7,28177,0
28202118,28187,1,681,0,1168,-1125,-630,724,7,28187,0
28212125,28197,1,692,0,1109,-1485,-1059,726,7,28197,0
28222117,28207,1,702,0,1021,-1842,-1411,727,7,28207,0
28232119,28217,1,711,0,970,-2196,-1851,728,7,28217,0
28242118,28227,1,722,0,1051,-2546,-2280,729,7,28227,0
28252126,28237,1,733,0,1036,-2891,-2612,730,7,28237,0
28262121,28247,1,742,0,956,-3231,-2905,732,7,28247,0
28272118,28257,1,752,0,956,-3564,-3257,733,7,28257,0
28282122,28267,1,761,0,904,-3890,-3560,734,7,28267,0
28292118,28277,1,769,0,875,-4209,-3970,735,7,28277,0
28302118,28287,1,778,0,802,-4519,-4175,736,7,28287,0
28312122,28297,1,785,0,787,-4820,-4507,738,7,28297,0
28322126,28307,1,793,0,699,-5111,-4781,739,7,28307,0
28332121,28317,1,800,0,684,-5391,-5054,740,7,28317,0
28342118,28327,2,807,0,699,-2840,-4312,0,7,28327,0
28352122,28337,2,813,0,597,-2495,-2866,0,7,28337,0
28362122,28347,2,819,0,611,-2615,-2593,0,7,28347,0
28372117,28357,2,825,0,560,-2464,-2476,0,7,28357,0
28382119,28367,2,830,0,531,-2400,-2339,0,7,28367,0
28392126,28377,2,835,0,501,-2333,-2290,0,7,28377,0
28402118,28387,2,839,0,435,-2111,-2280,0,7,28387,0
28412118,28397,2,843,0,435,-2154,-2105,0,7,28397,0
28422122,28407,2,848,0,406,-2079,-2114,0,7,28407,0
28432121,28417,2,852,0,421,-2179,-2026,0,7,28417,0
28442118,28427,2,855,0,340,-1888,-2017,0,7,28427,0
28452118,28437,2,858,0,304,-1776,-1968,0,7,28437,0
28462126,28447,2,861,0,326,-1894,-1811,0,7,28447,0
28472117,28457,2,864,0,311,-1866,-1811,0,7,28457,0
28482120,28467,2,867,0,267,-1713,-1684,0,7,28467,0
28492122,28477,2,869,0,230,-1590,-1743,0,7,28477,0
28502121,28487,2,871,0,201,-1492,-1606,0,7,28487,0
28512118,28497,2,873,0,128,-1214,-1372,0,7,28497,0
28522117,28507,2,875,0,179,-1442,-1372,0,7,28507,0
28532127,28517,2,876,0,135,-1274,-1313,0,7,28517,0
28542118,28527,2,877,0,106,-1168,-1216,0,7,28527,0
28552121,28537,2,878,0,91,-1121,-1137,0,7,28537,0
28562122,28547,2,879,0,62,-1012,-1108,0,7,28547,0
28572118,28557,3,879,0,47,0,-825,0,7,28557,0
28582118,28567,3,879,0,40,0,-278,0,7,28567,0
28592118,28577,3,879,0,10,0,-73,0,7,28577,0
28602130,28587,3,880,0,3,0,-14,0,7,28587,0
28612118,28597,3,879,0,-3,0,-4,0,7,28597,0
28622120,28607,3,880,0,-10,0,-4,0,7,28607,0
28632123,28617,3,880,0,-3,0,-4,0,7,28617,0
28642118,28627,3,879,0,-3,0,-14,0,7,28627,0
28652122,28637,3,879,0,-10,0,-4,0,7,28637,0
28662118,28647,3,880,0,3,0,-4,0,7,28647,0
28672128,28657,3,879,0,3,0,-4,0,7,28657,0
28682118,28667,3,879,0,-3,0,-4,0,7,28667,0
28692118,28677,3,879,0,3,0,-14,0,7,28677,0
28702123,28687,3,880,0,-10,0,-4,0,7,28687,0
28712118,28697,3,879,0,-10,0,-4,0,7,28697,0
28722120,28707,3,879,0,-3,0,-14,0,7,28707,0
28732119,28717,3,879,0,-3,0,-14,0,7,28717,0
28742126,28727,3,880,0,-10,0,-14,0,7,28727,0
28752118,28737,3,880,0,-10,0,-14,0,7,28737,0
28762118,28747,3,880,0,-3,0,-4,0,7,28747,0
28772124,28757,3,880,0,-10,0,-14,0,7,28757,0
28782118,28767,3,880,0,-3,0,-14,0,7,28767,0
28792122,28777,3,880,0,18,0,-4,0,7,28777,0
28802118,28787,3,880,0,-10,0,-4,0,7,28787,0
28812126,28797,3,880,0,-3,0,-4,0,7,28797,0
28822118,28807,3,880,0,3,0,-4,0,7,28807,0
28832119,28817,3,880,0,3,0,-14,0,7,28817,0
28842126,28827,3,880,0,-10,0,-4,0,7,28827,0
28852118,28837,3,880,0,3,0,-4,0,7,28837,0
28862118,28847,3,880,0,-10,0,-14,0,7,28847,0
28872118,28857,3,879,0,-10,0,-4,0,7,28857,0
28882126,28867,3,880,0,3,0,-4,0,7,28867,0
28892122,28877,3,880,0,-3,0,-14,0,7,28877,0
28902118,28887,3,880,0,-3,0,-14,0,7,28887,0
28912124,28897,3,880,0,-3,0,-14,0,7,28897,0
28922118,28907,3,879,0,-10,0,-4,0,7,28907,0
28932119,28917,3,880,0,-3,0,-14,0,7,28917,0
28942122,28927,3,879,0,-10,0,-14,0,7,28927,0
28952126,28937,3,879,0,-3,0,-14,0,7,28937,0
28962121,28947,3,880,0,-3,0,-14,0,7,28947,0
28972118,28957,3,880,0,3,0,-14,0,7,28957,0
28982122,28967,3,880,0,-3,0,-4,0,7,28967,0
28992118,28977,3,879,0,-3,0,-14,0,7,28977,0
29002118,28987,3,880,0,-3,0,-4,0,7,28987,0
29012120,28997,3,880,0,10,0,-14,0,7,28997,0
29022126,29007,3,880,0,-18,0,-4,0,7,29007,0
29032119,29017,3,880,0,3,0,-4,0,7,29017,0
29042118,29027,3,880,0,3,0,-4,0,7,29027,0
29052122,29037,3,880,0,3,0,-4,0,7,29037,0
29062120,29047,3,880,0,-3,0,-14,0,7,29047,0
29072119,29057,3,880,0,-10,0,-14,0,7,29057,0
29082122,29067,3,880,0,3,0,-14,0,7,29067,0
29092126,29077,3,880,0,-10,0,-14,0,7,29077,0
29102118,29087,3,879,0,-3,0,-14,0,7,29087,0
29112118,29097,3,880,0,-3,0,-14,0,7,29097,0
29122122,29107,3,880,0,-3,0,-14,0,7,29107,0
29132123,29117,3,880,0,-10,0,-4,0,7,29117,0
29142118,29127,3,880,0,-3,0,-14,0,7,29127,0
29152118,29137,3,879,0,-10,0,-14,0,7,29137,0
29162128,29147,3,880,0,-25,0,-14,0,7,29147,0
29172118,29157,3,880,0,3,0,-4,0,7,29157,0
29182122,29167,3,880,0,3,0,-4,0,7,29167,0
29192122,29177,3,880,0,-3,0,-14,0,7,29177,0
29202120,29187,3,880,0,-3,0,-4,0,7,29187,0
29212119,29197,3,880,0,-3,0,-14,0,7,29197,0
29222118,29207,3,880,0,3,0,-14,0,7,29207,0
29232131,29217,3,880,0,-3,0,-4,0,7,29217,0
29242118,29227,3,880,0,-3,0,-4,0,7,29227,0
29252120,29237,3,879,0,-25,0,-4,0,7,29237,0
29262122,29247,3,880,0,-3,0,-4,0,7,29247,0
29272118,29257,3,880,0,-10,0,-4,0,7,29257,0
29282122,29267,3,880,0,-3,0,-4,0,7,29267,0
29292118,29277,3,880,0,-25,0,-4,0,7,29277,0
29302128,29287,3,879,0,-10,0,-4,0,7,29287,0
29312118,29297,3,880,0,-10,0,-4,0,7,29297,0
29322118,29307,3,879,0,-18,0,-14,0,7,29307,0
29332127,29317,3,880,0,-3,0,-4,0,7,29317,0
29342118,29327,3,880,0,-10,0,-14,0,7,29327,0
29352120,29337,3,879,0,-10,0,-14,0,7,29337,0
29362118,29347,3,880,0,-10,0,-14,0,7,29347,0
29372130,29357,3,880,0,-18,0,-14,0,7,29357,0
29382118,29367,3,880,0,-3,0,-14,0,7,29367,0
29392118,29377,3,880,0,3,0,-14,0,7,29377,0
29402124,29387,3,880,0,-10,0,-4,0,7,29387,0
29412118,29397,3,880,0,-3,0,-4,0,7,29397,0
29422122,29407,3,880,0,-3,0,-4,0,7,29407,0
29432119,29417,3,879,0,-18,0,-14,0,7,29417,0
29442126,29427,3,879,0,-10,0,-4,0,7,29427,0
29452120,29437,3,880,0,3,0,-4,0,7,29437,0
29462118,29447,3,879,0,-3,0,-14,0,7,29447,0
29472126,29457,3,880,0,-3,0,-14,0,7,29457,0
29482118,29467,3,880,0,3,0,-14,0,7,29467,0
29492119,29477,3,879,0,-18,0,-14,0,7,29477,0
29502119,29487,3,880,0,-18,0,-14,0,7,29487,0
29512126,29497,3,880,0,-3,0,-4,0,7,29497,0
29522121,29507,3,880,0,-18,0,-4,0,7,29507,0
29532119,29517,3,879,0,-18,0,-14,0,7,29517,0
29542123,29527,3,880,0,-3,0,-14,0,7,29527,0
29552118,29537,3,880,0,-10,0,-14,0,7,29537,0
29562118,29547,3,880,0,18,0,-4,0,7,29547,0
29572122,29557,3,880,0,-3,0,-4,0,7,29557,0
29582126,29567,3,880,0,3,0,-4,0,7,29567,0
29592120,29577,3,880,0,3,0,-14,0,7,29577,0
29602118,29587,3,880,0,-10,0,-14,0,7,29587,0
29612122,29597,3,879,0,-10,0,-14,0,7,29597,0
29622122,29607,3,880,0,-3,0,-4,0,7,29607,0
29632119,29617,3,879,0,-3,0,-4,0,7,29617,0
29642120,29627,3,880,0,-3,0,-14,0,7,29627,0
29652124,29637,3,879,0,-10,0,-14,0,7,29637,0
29662121,29647,3,879,0,-10,0,-14,0,7,29647,0
29672118,29657,3,880,0,-3,0,-14,0,7,29657,0
29682122,29667,3,880,0,-3,0,-14,0,7,29667,0
29692120,29677,3,880,0,-10,0,-4,0,7,29677,0
29702118,29687,3,879,0,-10,0,-14,0,7,29687,0
29712121,29697,3,880,0,-10,0,-14,0,7,29697,0
29722124,29707,3,880,0,-3,0,-14,0,7,29707,0
29732119,29717,3,879,0,-18,0,-14,0,7,29717,0
29742120,29727,3,880,0,3,0,-4,0,7,29727,0
29752122,29737,3,880,0,-10,0,-4,0,7,29737,0
29762122,29747,3,880,0,-3,0,-4,0,7,29747,0
29772118,29757,3,880,0,3,0,-4,0,7,29757,0
29782119,29767,3,879,0,-18,0,-4,0,7,29767,0
29792124,29777,3,880,0,3,0,-4,0,7,29777,0
29802118,29787,3,880,0,-3,0,-14,0,7,29787,0
29812122,29797,3,880,0,10,0,-14,0,7,29797,0
29822122,29807,3,880,0,-3,0,-14,0,7,29807,0
29832121,29817,3,880,0,3,0,-14,0,7,29817,0
29842118,29827,3,879,0,-3,0,-4,0,7,29827,0
29852118,29837,3,880,0,-3,0,-4,0,7,29837,0
29862128,29847,3,880,0,-3,0,-4,0,7,29847,0
29872118,29857,3,880,0,-3,0,-4,0,7,29857,0
29882120,29867,3,880,0,10,0,-14,0,7,29867,0
29892122,29877,3,880,0,3,0,-4,0,7,29877,0
29902118,29887,3,880,0,-3,0,-4,0,7,29887,0
29912122,29897,3,880,0,-10,0,-4,0,7,29897,0
29922118,29907,3,880,0,-10,0,-14,0,7,29907,0
29932127,29917,3,880,0,3,0,-4,0,7,29917,0
29942118,29927,3,880,0,-3,0,-14,0,7,29927,0
29952118,29937,3,880,0,-3,0,-14,0,7,29937,0
29962121,29947,3,880,0,-3,0,-4,0,7,29947,0
29972118,29957,3,879,0,-10,0,-14,0,7,29957,0
29982119,29967,3,880,0,3,0,-4,0,7,29967,0
29992118,29977,3,879,0,-10,0,-14,0,7,29977,0
30002125,29987,3,880,0,-3,0,-14,0,7,29987,0
30012118,29997,3,880,0,-3,0,-4,0,7,29997,0
30022118,30007,3,880,0,-10,0,-4,0,7,30007,0
30032125,30017,3,880,0,3,0,-14,0,7,30017,0
30042118,30027,3,879,0,-3,0,-4,0,7,30027,0
30052122,30037,3,879,0,-3,0,-14,0,7,30037,0
30062118,30047,3,879,0,-10,0,-4,0,7,30047,0
30072124,30057,3,880,0,10,0,-14,0,7,30057,0
30082118,30067,3,879,0,-10,0,-4,0,7,30067,0
30092118,30077,3,879,0,-10,0,-14,0,7,30077,0
30102126,30087,3,880,0,-3,0,-14,0,7,30087,0
30112118,30097,3,880,0,-3,0,-14,0,7,30097,0
30122118,30107,3,879,0,3,0,-4,0,7,30107,0
30132120,30117,3,880,0,-3,0,-14,0,7,30117,0
30142124,30127,3,879,0,-3,0,-14,0,7,30127,0
30152122,30137,3,879,0,-3,0,-4,0,7,30137,0
30162118,30147,3,880,0,10,0,-4,0,7,30147,0
30172124,30157,3,880,0,3,0,-4,0,7,30157,0
30182118,30167,3,879,0,-3,0,-4,0,7,30167,0
30192118,30177,3,880,0,-3,0,-4,0,7,30177,0
30202122,30187,3,880,0,-3,0,-14,0,7,30187,0
30212139,30197,3,880,0,-3,0,-14,0,7,30197,0
30222120,30207,3,880,0,-3,0,-14,0,7,30207,0
30232119,30217,3,879,0,-25,0,-4,0,7,30217,0
30242122,30227,3,879,0,-18,0,-14,0,7,30227,0
30252118,30237,3,880,0,3,0,-4,0,7,30237,0
30262118,30247,3,880,0,-3,0,-4,0,7,30247,0
30272120,30257,3,879,0,-10,0,-4,0,7,30257,0
30282124,30267,3,879,0,-3,0,-4,0,7,30267,0
30292118,30277,3,880,0,3,0,-4,0,7,30277,0
30302118,30287,3,880,0,-10,0,-14,0,7,30287,0
30312122,30297,3,879,0,-3,0,-14,0,7,30297,0
30322120,30307,3,880,0,-10,0,-4,0,7,30307,0
30332119,30317,3,880,0,-10,0,-4,0,7,30317,0
30342122,30327,3,880,0,3,0,-14,0,7,30327,0
30352124,30337,3,880,0,-3,0,-4,0,7,30337,0
30362118,30347,3,880,0,-3,0,-4,0,7,30347,0
30372118,30357,3,880,0,-3,0,-14,0,7,30357,0
30382122,30367,3,880,0,-10,0,-14,0,7,30367,0
30392122,30377,3,880,0,3,0,-14,0,7,30377,0
30402118,30387,3,879,0,-18,0,-14,0,7,30387,0
30412118,30397,3,879,0,-10,0,-4,0,7,30397,0
30422124,30407,3,880,0,-3,0,-14,0,7,30407,0
30432119,30417,3,880,0,-3,0,-14,0,7,30417,0
30442122,30427,3,880,0,3,0,-14,0,7,30427,0
30452122,30437,3,879,0,-25,0,-14,0,7,30437,0
30462120,30447,3,879,0,-3,0,-4,0,7,30447,0
30472118,30457,3,880,0,-3,0,-4,0,7,30457,0
30482118,30467,3,879,0,-18,0,-14,0,7,30467,0
30492127,30477,3,880,0,3,0,-4,0,7,30477,0
30502118,30487,3,880,0,-3,0,-14,0,7,30487,0
30512120,30497,3,879,0,-10,0,-4,0,7,30497,0
30522122,30507,3,880,0,-3,0,-14,0,7,30507,0
30532119,30517,3,880,0,-3,0,-14,0,7,30517,0
30542118,30527,3,880,0,-3,0,-14,0,7,30527,0
30552118,30537,3,880,0,-3,0,-14,0,7,30537,0
30562126,30547,3,879,0,-18,0,-14,0,7,30547,0
30572118,30557,3,880,0,-10,0,-14,0,7,30557,0
30582118,30567,3,880,0,3,0,-14,0,7,30567,0
30592122,30577,3,879,0,-10,0,-14,0,7,30577,0
30602118,30587,3,880,0,10,0,-14,0,7,30587,0
30612120,30597,3,880,0,3,0,-4,0,7,30597,0
30622118,30607,3,880,0,-3,0,-14,0,7,30607,0
30632129,30617,3,880,0,-3,0,-14,0,7,30617,0
30642118,30627,3,880,0,-3,0,-14,0,7,30627,0
30652118,30637,3,880,0,3,0,-14,0,7,30637,0
30662122,30647,3,880,0,-10,0,-14,0,7,30647,0
30672118,30657,3,880,0,-10,0,-14,0,7,30657,0
30682122,30667,3,880,0,-3,0,-4,0,7,30667,0
30692118,30677,3,879,0,-3,0,-14,0,7,30677,0
30702124,30687,3,880,0,3,0,-4,0,7,30687,0
30712118,30697,3,880,0,-3,0,-4,0,7,30697,0
30722118,30707,3,879,0,-10,0,-4,0,7,30707,0
30732127,30717,3,879,0,-18,0,-14,0,7,30717,0
30742118,30727,3,880,0,-18,0,-14,0,7,30727,0
30752120,30737,3,880,0,-3,0,-14,0,7,30737,0
30762118,30747,3,880,0,-10,0,-14,0,7,30747,0
30772124,30757,3,880,0,3,0,-14,0,7,30757,0
30782122,30767,3,880,0,3,0,-4,0,7,30767,0
30792118,30777,3,880,0,18,0,-14,0,7,30777,0
30802123,30787,3,880,0,-3,0,-14,0,7,30787,0
30812118,30797,3,880,0,10,0,-14,0,7,30797,0
30822118,30807,3,880,0,-3,0,-4,0,7,30807,0
30832119,30817,3,880,0,-10,0,-14,0,7,30817,0
30842124,30827,3,880,0,-3,0,-4,0,7,30827,0
30852120,30837,3,880,0,3,0,-4,0,7,30837,0
30862118,30847,3,880,0,-3,0,-14,0,7,30847,0
30872122,30857,3,880,0,-10,0,-14,0,7,30857,0
30882118,30867,3,879,0,-3,0,-14,0,7,30867,0
30892118,30877,3,880,0,-3,0,-4,0,7,30877,0
30902120,30887,3,880,0,-10,0,-4,0,7,30887,0
30912140,30897,3,879,0,-18,0,-14,0,7,30897,0
30922121,30907,3,880,0,10,0,-14,0,7,30907,0
30932119,30917,3,880,0,-25,0,-14,0,7,30917,0
30942122,30927,3,880,0,-10,0,-14,0,7,30927,0
30952118,30937,3,880,0,10,0,-14,0,7,30937,0
30962118,30947,3,879,0,3,0,-4,0,7,30947,0
30972121,30957,3,880,0,-3,0,-14,0,7,30957,0
30982124,30967,3,880,0,-18,0,-4,0,7,30967,0
30992118,30977,3,880,0,-3,0,-14,0,7,30977,0
31002118,30987,3,880,0,18,0,-24,0,7,30987,0
31012122,30997,3,880,0,10,0,-4,0,7,30997,0
31022122,31007,3,880,0,3,0,-14,0,7,31007,0
31032119,31017,3,880,0,-10,0,-4,0,7,31017,0
31042120,31027,3,880,0,-3,0,-14,0,7,31027,0
31052139,31037,3,880,0,-3,0,-4,0,7,31037,0
31062118,31047,3,880,0,-3,0,-4,0,7,31047,0
31072122,31057,3,880,0,-10,0,-4,0,7,31057,0
31082122,31067,3,880,0,-3,0,-4,0,7,31067,0
31092120,31077,3,880,0,10,0,-4,0,7,31077,0
31102118,31087,3,880,0,3,0,-4,0,7,31087,0
31112118,31097,3,879,0,-10,0,-4,0,7,31097,0
31122141,31107,3,880,0,-3,0,-4,0,7,31107,0
31132119,31117,3,879,0,-3,0,-4,0,7,31117,0
31142120,31127,3,879,0,-10,0,-14,0,7,31127,0
31152122,31137,3,880,0,3,0,-4,0,7,31137,0
31162118,31147,3,880,0,-10,0,-4,0,7,31147,0
31172118,31157,3,880,0,3,0,-14,0,7,31157,0
31182118,31167,3,880,0,3,0,-14,0,7,31167,0
31192139,31177,3,880,0,-3,0,-14,0,7,31177,0
31202119,31187,3,880,0,-3,0,-4,0,7,31187,0
31212122,31197,3,880,0,10,0,-4,0,7,31197,0
31222122,31207,3,880,0,-3,0,-4,0,7,31207,0
31232119,31217,3,880,0,-3,0,-4,0,7,31217,0
31242118,31227,3,879,0,-25,0,-4,0,7,31227,0
31252118,31237,3,880,0,-3,0,-4,0,7,31237,0
31262141,31247,3,880,0,3,0,-14,0,7,31247,0
31272118,31257,3,880,0,-18,0,-4,0,7,31257,0
31282118,31267,3,880,0,-3,0,-14,0,7,31267,0
31292122,31277,3,880,0,-10,0,-14,0,7,31277,0
31302118,31287,3,879,0,-10,0,-14,0,7,31287,0
31312122,31297,3,880,0,-3,0,-14,0,7,31297,0
31322118,31307,3,880,0,3,0,-14,0,7,31307,0
31332140,31317,3,880,0,-10,0,-4,0,7,31317,0
31342118,31327,3,880,0,-10,0,-14,0,7,31327,0
31352118,31337,3,880,0,3,0,-4,0,7,31337,0
31362126,31347,3,880,0,10,0,-4,0,7,31347,0
31372118,31357,3,880,0,-10,0,-14,0,7,31357,0
31382120,31367,3,879,0,-10,0,-14,0,7,31367,0
31392118,31377,3,880,0,-10,0,-4,0,7,31377,0
31402137,31387,3,880,0,-18,0,-14,0,7,31387,0
31412121,31397,3,880,0,-3,0,-4,0,7,31397,0
31422118,31407,3,879,0,-25,0,-4,0,7,31407,0
31432126,31417,3,880,0,-3,0,-4,0,7,31417,0
31442118,31427,3,880,0,-10,0,-14,0,7,31427,0
31452118,31437,3,880,0,3,0,-4,0,7,31437,0
31462122,31447,3,879,0,-10,0,-4,0,7,31447,0
31472139,31457,3,879,0,-3,0,-14,0,7,31457,0
31482120,31467,3,880,0,-3,0,-14,0,7,31467,0
31492118,31477,3,880,0,-3,0,-4,0,7,31477,0
31502126,31487,3,880,0,-3,0,-14,0,7,31487,0
31512118,31497,3,879,0,-3,0,-14,0,7,31497,0
31522118,31507,3,880,0,-18,0,-14,0,7,31507,0
31532121,31517,3,880,0,10,0,-14,0,7,31517,0
31542138,31527,3,879,0,-3,0,-14,0,7,31527,0
31552122,31537,3,880,0,-3,0,-24,0,7,31537,0
31562118,31547,3,879,0,-18,0,-4,0,7,31547,0
31572122,31557,3,880,0,-10,0,-4,0,7,31557,0
31582120,31567,3,880,0,3,0,-14,0,7,31567,0
31592118,31577,3,880,0,3,0,-4,0,7,31577,0
31602122,31587,3,880,0,-3,0,-14,0,7,31587,0
31612139,31597,3,880,0,3,0,-4,0,7,31597,0
31622119,31607,3,880,0,10,0,-14,0,7,31607,0
31632119,31617,3,880,0,-18,0,-14,0,7,31617,0
31642122,31627,3,880,0,-3,0,-14,0,7,31627,0
31652122,31637,3,880,0,-10,0,-4,0,7,31637,0
31662118,31647,3,880,0,3,0,-14,0,7,31647,0
31672120,31657,3,880,0,-10,0,-14,0,7,31657,0
31682139,31667,3,880,0,3,0,-4,0,7,31667,0
31692119,31677,3,880,0,-3,0,-14,0,7,31677,0
31702122,31687,3,880,0,-3,0,-14,0,7,31687,0
31712122,31697,3,879,0,-3,0,-4,0,7,31697,0
31722120,31707,3,880,0,-3,0,-14,0,7,31707,0
31732119,31717,3,880,0,3,0,-14,0,7,31717,0
31742118,31727,3,880,0,-3,0,-4,0,7,31727,0
31752142,31737,3,880,0,10,0,-14,0,7,31737,0
31762118,31747,3,880,0,-3,0,-4,0,7,31747,0
31772120,31757,3,880,0,-3,0,-4,0,7,31757,0
31782122,31767,3,880,0,3,0,-14,0,7,31767,0
31792122,31777,3,880,0,3,0,-14,0,7,31777,0
31802118,31787,3,880,0,-3,0,-14,0,7,31787,0
31812118,31797,3,880,0,-10,0,-4,0,7,31797,0
31822141,31807,3,880,0,-3,0,-14,0,7,31807,0
31832119,31817,3,880,0,3,0,-14,0,7,31817,0
31842122,31827,3,880,0,-10,0,-4,0,7,31827,0
31852122,31837,3,880,0,-3,0,-4,0,7,31837,0
31862118,31847,3,879,0,-10,0,-4,0,7,31847,0
31872120,31857,3,880,0,3,0,-4,0,7,31857,0
31882118,31867,3,880,0,-3,0,-4,0,7,31867,0
31892142,31877,3,880,0,-10,0,-14,0,7,31877,0
31902118,31887,3,880,0,3,0,-4,0,7,31887,0
31912120,31897,3,879,0,-3,0,-14,0,7,31897,0
31922122,31907,3,880,0,-3,0,-14,0,7,31907,0
31932119,31917,3,880,0,-3,0,-14,0,7,31917,0
31942122,31927,3,879,0,-18,0,-14,0,7,31927,0
31952118,31937,3,880,0,3,0,-14,0,7,31937,0
31962140,31947,3,880,0,10,0,-14,0,7,31947,0
31972118,31957,3,880,0,-25,0,-14,0,7,31957,0
31982118,31967,3,880,0,-18,0,-4,0,7,31967,0
31992126,31977,3,879,0,-10,0,-4,0,7,31977,0
32002118,31987,3,879,0,3,0,-14,0,7,31987,0
32012120,31997,3,880,0,-10,0,-4,0,7,31997,0
32022118,32007,3,880,0,3,0,-14,0,7,32007,0
32032140,32017,3,880,0,-3,0,-4,0,7,32017,0
32042122,32027,3,880,0,10,0,-4,0,7,32027,0
32052118,32037,3,879,0,-10,0,-14,0,7,32037,0
32062124,32047,3,880,0,-3,0,-4,0,7,32047,0
32072118,32057,3,879,0,-3,0,-14,0,7,32057,0
32082118,32067,3,880,0,3,0,-14,0,7,32067,0
32092118,32077,3,880,0,3,0,-4,0,7,32077,0
32102139,32087,3,880,0,3,0,-14,0,7,32087,0
32112120,32097,3,880,0,-3,0,-4,0,7,32097,0
32122118,32107,3,880,0,3,0,-4,0,7,32107,0
32132123,32117,3,879,0,-10,0,-14,0,7,32117,0
32142118,32127,3,880,0,10,0,-14,0,7,32127,0
32152118,32137,3,880,0,-3,0,-14,0,7,32137,0
32162120,32147,3,879,0,-10,0,-14,0,7,32147,0
32172139,32157,3,879,0,-10,0,-14,0,7,32157,0
32182121,32167,3,880,0,3,0,-4,0,7,32167,0
32192118,32177,3,880,0,-3,0,-4,0,7,32177,0
32202122,32187,3,880,0,-3,0,-4,0,7,32187,0
32212118,32197,3,880,0,3,0,-14,0,7,32197,0
32222119,32207,3,880,0,3,0,-14,0,7,32207,0
32232123,32217,3,880,0,3,0,-14,0,7,32217,0
32242139,32227,3,880,0,-18,0,-4,0,7,32227,0
32252118,32237,3,880,0,3,0,-14,0,7,32237,0
32262118,32247,3,880,0,-3,0,-14,0,7,32247,0
32272122,32257,3,880,0,10,0,-14,0,7,32257,0
32282122,32267,3,879,0,-10,0,-14,0,7,32267,0
32292118,32277,3,880,0,3,0,-14,0,7,32277,0
32302120,32287,3,880,0,3,0,-4,0,7,32287,0
32312135,32297,3,880,0,10,0,-14,0,7,32297,0
32322118,32307,3,880,0,3,0,-14,0,7,32307,0
32332123,32317,3,880,0,-3,0,-4,0,7,32317,0
32342122,32327,3,880,0,-3,0,-4,0,7,32327,0
32352120,32337,3,880,0,-18,0,-14,0,7,32337,0
32362118,32347,3,879,0,-10,0,-4,0,7,32347,0
32372118,32357,3,879,0,-25,0,-4,0,7,32357,0
32382138,32367,3,880,0,3,0,-14,0,7,32367,0
32392118,32377,3,880,0,-3,0,-4,0,7,32377,0
32402120,32387,3,880,0,3,0,-4,0,7,32387,0
32412122,32397,3,880,0,3,0,-4,0,7,32397,0
32422118,32407,3,880,0,3,0,-4,0,7,32407,0
32432119,32417,3,880,0,-18,0,-14,0,7,32417,0
32442118,32427,3,880,0,-10,0,-14,0,7,32427,0
32452137,32437,3,880,0,-3,0,-4,0,7,32437,0
32462118,32447,3,880,0,-3,0,-14,0,7,32447,0
32472122,32457,3,880,0,-3,0,-14,0,7,32457,0
32482122,32467,3,880,0,-3,0,-14,0,7,32467,0
32492118,32477,3,879,0,-10,0,-4,0,7,32477,0
32502118,32487,3,880,0,-10,0,-4,0,7,32487,0
32512119,32497,3,879,0,-10,0,-14,0,7,32497,0
32522139,32507,3,880,0,10,0,-14,0,7,32507,0
32532119,32517,3,879,0,-3,0,-4,0,7,32517,0
32542118,32527,3,880,0,-3,0,-4,0,7,32527,0
32552122,32537,3,880,0,-3,0,-4,0,7,32537,0
32562118,32547,3,880,0,-3,0,-4,0,7,32547,0
32572122,32557,3,880,0,3,0,-4,0,7,32557,0
32582118,32567,3,880,0,10,0,-14,0,7,32567,0
32592137,32577,3,880,0,3,0,-14,0,7,32577,0
32602119,32587,3,880,0,3,0,-4,0,7,32587,0
32612119,32597,0,880,0,-10,-115,-24,0,7,32597,0
32622126,32607,0,880,0,-3,-115,-73,0,7,32607,0
32632119,32617,0,880,0,-3,-115,-102,0,7,32617,0
32642120,32627,0,880,0,-10,-115,-102,0,7,32627,0
32652119,32637,0,880,0,3,-115,-73,0,7,32637,0
32662135,32647,0,880,0,-3,-115,-92,0,7,32647,0
32672119,32657,0,880,0,-3,-115,-102,0,7,32657,0
32682119,32667,0,879,0,-10,0,-102,0,7,32667,0
32692125,32677,0,880,0,-3,-115,-83,0,7,32677,0
32702118,32687,0,879,0,-3,0,-83,0,7,32687,0
32712119,32697,0,880,0,3,-115,-92,0,7,32697,0
32722119,32707,0,880,0,-3,-115,-92,0,7,32707,0
32732136,32717,0,880,0,-3,-115,-83,0,7,32717,0
32742120,32727,0,880,0,3,-115,-102,0,7,32727,0
32752118,32737,0,880,0,-25,-115,-83,0,7,32737,0
32762126,32747,0,880,0,-3,-115,-73,0,7,32747,0
32772118,32757,0,880,0,3,-115,-92,0,7,32757,0
32782118,32767,0,879,0,-10,0,-102,0,7,32767,0
32792118,32777,0,880,0,-3,-115,-92,0,7,32777,0
32802136,32787,0,880,0,3,-115,-92,0,7,32787,0
32812122,32797,0,880,0,-10,-115,-102,0,7,32797,0
32822118,32807,0,880,0,-3,-115,-92,0,7,32807,0
32832123,32817,0,880,0,-10,-115,-83,0,7,32817,0
32842118,32827,0,880,0,-3,-115,-73,0,7,32827,0
32852118,32837,0,880,0,-10,-115,-92,0,7,32837,0
32862122,32847,0,880,0,-10,-115,-102,0,7,32847,0
32872136,32857,0,880,0,-3,-115,-92,0,7,32857,0
32882120,32867,0,880,0,-10,-115,-102,0,7,32867,0
32892118,32877,0,880,0,-10,0,-73,0,7,32877,0
32902122,32887,0,880,0,3,0,-24,0,7,32887,0
32912122,32897,0,880,0,18,0,-14,0,7,32897,0
32922118,32907,0,879,0,-10,0,-14,0,7,32907,0
32932121,32917,0,880,0,-3,0,-14,0,7,32917,0
32942135,32927,0,880,0,3,0,-4,0,7,32927,0
32952118,32937,0,880,0,3,0,-4,0,7,32937,0
32962118,32947,0,880,0,-3,0,-14,0,7,32947,0
32972122,32957,0,879,0,-3,0,-4,0,7,32957,0
32982120,32967,0,880,0,3,0,-4,0,7,32967,0
32992118,32977,0,880,0,-10,0,-14,0,7,32977,0
33002118,32987,0,880,0,-3,0,-14,0,7,32987,0
33012138,32997,0,879,0,-18,0,-4,0,7,32997,0
33022118,33007,0,880,0,-3,0,-4,0,7,33007,0
33032121,33017,0,880,0,10,0,-14,0,7,33017,0
33042122,33027,0,880,0,18,0,-4,0,7,33027,0
33052122,33037,0,880,0,3,0,-4,0,7,33037,0
33062118,33047,0,879,0,-18,0,-14,0,7,33047,0
33072118,33057,0,880,0,3,0,-14,0,7,33057,0
33082137,33067,0,880,0,-3,0,-4,0,7,33067,0
33092118,33077,0,879,0,3,0,-14,0,7,33077,0
33102122,33087,0,880,0,3,0,-14,0,7,33087,0
33112122,33097,0,879,0,-3,0,-14,0,7,33097,0
33122118,33107,0,880,0,10,0,-14,0,7,33107,0
33132119,33117,0,880,0,3,0,-14,0,7,33117,0
33142118,33127,0,880,0,-10,0,-14,0,7,33127,0
33152140,33137,0,880,0,-3,0,-4,0,7,33137,0
33162118,33147,0,879,0,3,0,-14,0,7,33147,0
33172120,33157,0,880,0,3,0,-4,0,7,33157,0
33182122,33167,0,880,0,-10,0,-14,0,7,33167,0
33192118,33177,0,880,0,-3,0,-4,0,7,33177,0
33202122,33187,0,880,0,-10,0,-4,0,7,33187,0
33212118,33197,0,880,0,3,0,-4,0,7,33197,0
33222138,33207,0,880,0,-10,0,-4,0,7,33207,0
33232119,33217,0,880,0,3,0,-14,0,7,33217,0
33242118,33227,0,880,0,-10,0,-14,0,7,33227,0
33252122,33237,0,880,0,-3,0,-14,0,7,33237,0
33262118,33247,0,880,0,-3,0,-4,0,7,33247,0
33272120,33257,0,880,0,3,0,-4,0,7,33257,0
33282118,33267,0,880,0,-3,0,-14,0,7,33267,0
33292136,33277,0,880,0,-3,0,-14,0,7,33277,0
33302118,33287,0,880,0,10,0,-4,0,7,33287,0
33312118,33297,0,880,0,3,0,-4,0,7,33297,0
33322124,33307,0,879,0,-10,0,-14,0,7,33307,0
33332119,33317,0,880,0,10,0,-4,0,7,33317,0
33342122,33327,0,879,0,-18,0,-4,0,7,33327,0
33352118,33337,0,880,0,-3,0,-14,0,7,33337,0
33362136,33347,0,879,0,-18,0,-4,0,7,33347,0
33372117,33357,0,880,0,10,0,-4,0,7,33357,0
33382118,33367,0,880,0,3,0,-14,0,7,33367,0
33392126,33377,0,880,0,3,0,-4,0,7,33377,0
33402118,33387,0,880,0,-18,0,-4,0,7,33387,0
33412118,33397,0,880,0,-3,0,-4,0,7,33397,0
33422118,33407,0,880,0,-10,0,-14,0,7,33407,0
33432137,33417,0,880,0,3,0,-14,0,7,33417,0
33442122,33427,0,880,0,-3,0,-14,0,7,33427,0
33452118,33437,0,880,0,3,0,-4,0,7,33437,0
33462123,33447,0,880,0,3,0,-14,0,7,33447,0
33472118,33457,0,880,0,-3,0,-14,0,7,33457,0
33482118,33467,0,879,0,-10,0,-4,0,7,33467,0
33492122,33477,0,880,0,3,0,-4,0,7,33477,0
33502136,33487,0,879,0,-3,0,-4,0,7,33487,0
33512120,33497,0,880,0,-18,0,-14,0,7,33497,0
33522118,33507,0,880,0,-10,0,-14,0,7,33507,0
33532124,33517,0,880,0,-3,0,-14,0,7,33517,0
33542122,33527,0,880,0,-10,0,-4,0,7,33527,0
33552118,33537,0,880,0,-10,0,-4,0,7,33537,0
33562119,33547,0,880,0,3,0,-14,0,7,33547,0
33572136,33557,0,880,0,-3,0,-14,0,7,33557,0
33582118,33567,0,880,0,-10,0,-4,0,7,33567,0
33592122,33577,0,880,0,-3,0,-14,0,7,33577,0
33602122,33587,0,879,0,-3,0,-14,0,7,33587,0
33612120,33597,0,880,0,-10,0,-14,0,7,33597,0
33622118,33607,0,880,0,-3,0,-4,0,7,33607,0
33632123,33617,0,880,0,3,0,-4,0,7,33617,0
33642136,33627,0,880,0,-3,0,-4,0,7,33627,0
33652118,33637,0,880,0,3,0,-14,0,7,33637,0
33662120,33647,0,880,0,-3,0,-14,0,7,33647,0
33672122,33657,0,879,0,-3,0,-14,0,7,33657,0
33682122,33667,0,880,0,-3,0,-14,0,7,33667,0
33692118,33677,0,879,0,-25,0,-14,0,7,33677,0
33702118,33687,0,880,0,3,0,-14,0,7,33687,0
33712138,33697,0,880,0,-3,0,-14,0,7,33697,0
33722118,33707,0,880,0,-10,0,-14,0,7,33707,0
